experiment_id,log_file,global_round,loss,accuracy,training_time,energy_computation,energy_communication,total_energy,num_communications
27,Experiment_03-03-2025-12-41-09,1,0.0019136964917182923,0.3902,8.990584881999999,0.8990585010000002,828.3610752500005,829.2601337510005,500
27,Experiment_03-03-2025-12-41-09,2,0.0014226678252220154,0.571,17.981169763999993,1.7981170020000004,1656.722150500001,1658.520267502001,1000
27,Experiment_03-03-2025-12-41-09,3,0.0009657133996486664,0.7025,26.971754645999994,2.6971755030000004,2485.0832257500015,2487.7804012530014,1500
27,Experiment_03-03-2025-12-41-09,4,0.0007872595191001892,0.7266,35.96233952799999,3.5962340040000007,3313.444301000002,3317.040535004002,2000
27,Experiment_03-03-2025-12-41-09,5,0.0006398304402828217,0.7891,44.95292440999999,4.495292505000001,4141.805376250002,4146.300668755002,2500
27,Experiment_03-03-2025-12-41-09,6,0.0005292027026414871,0.8229,53.604328100999986,5.360432886000001,4970.166451500003,4975.526884386003,3000
27,Experiment_03-03-2025-12-41-09,7,0.00044940976202487946,0.8698,62.255731791999985,6.225573267000001,5798.527526750004,5804.753100017004,3500
27,Experiment_03-03-2025-12-41-09,8,0.0004243430703878403,0.8727,70.90713548299999,7.090713648,6626.8886020000045,6633.979315648005,4000
27,Experiment_03-03-2025-12-41-09,9,0.0003420131504535675,0.9048,79.55853917399999,7.955854029,7455.249677250005,7463.205531279005,4500
27,Experiment_03-03-2025-12-41-09,10,0.00031854369044303897,0.9096,88.20994286499999,8.82099441,8283.610752500006,8292.431746910006,5000
27,Experiment_03-03-2025-12-41-09,11,0.00031611406803131104,0.9057,97.99243787699999,9.799243926,9111.971827750007,9121.771071676007,5500
27,Experiment_03-03-2025-12-41-09,12,0.00027663803696632383,0.9169,107.77493288899998,10.777493442,9940.332903000008,9951.110396442007,6000
27,Experiment_03-03-2025-12-41-09,13,0.00026603331416845323,0.9219,117.55742790099998,11.755742958,10768.693978250009,10780.449721208008,6500
27,Experiment_03-03-2025-12-41-09,14,0.00027448225915431974,0.9118,127.33992291299998,12.733992474,11597.05505350001,11609.78904597401,7000
27,Experiment_03-03-2025-12-41-09,15,0.00023258631080389023,0.9296,137.12241792499998,13.71224199,12425.41612875001,12439.12837074001,7500
27,Experiment_03-03-2025-12-41-09,16,0.00021436693221330643,0.9371,145.538369922,14.553837201,13253.77720400001,13268.33104120101,8000
27,Experiment_03-03-2025-12-41-09,17,0.00023139444142580032,0.9315,153.954321919,15.395432412,14082.138279250012,14097.533711662012,8500
27,Experiment_03-03-2025-12-41-09,18,0.00019583193212747573,0.9421,162.370273916,16.237027623,14910.499354500012,14926.736382123012,9000
27,Experiment_03-03-2025-12-41-09,19,0.00019976464360952378,0.9433,170.786225913,17.078622834,15738.860429750013,15755.939052584014,9500
27,Experiment_03-03-2025-12-41-09,20,0.00017829231023788452,0.9471,179.20217791000002,17.920218045000002,16567.221505000012,16585.141723045013,10000
27,Experiment_03-03-2025-12-41-09,21,0.00017730672508478164,0.9474,190.19763906600002,19.019764176000002,17395.58258025001,17414.60234442601,10500
27,Experiment_03-03-2025-12-41-09,22,0.00018082658648490907,0.9465,201.19310022200003,20.119310307000003,18223.94365550001,18244.06296580701,11000
27,Experiment_03-03-2025-12-41-09,23,0.00015952565371990204,0.9538,212.18856137800003,21.218856438000003,19052.30473075001,19073.52358718801,11500
27,Experiment_03-03-2025-12-41-09,24,0.00015702409744262696,0.9547,223.18402253400004,22.318402569000003,19880.665806000008,19902.984208569007,12000
27,Experiment_03-03-2025-12-41-09,25,0.00015362852811813353,0.9558,234.17948369000004,23.417948700000004,20709.026881250007,20732.444829950007,12500
27,Experiment_03-03-2025-12-44-04,1,0.001961433804035187,0.298,11.967361770999997,1.196736192,828.3610752500005,829.5578114420005,500
27,Experiment_03-03-2025-12-44-04,2,0.0012941260933876037,0.5999,23.934723541999993,2.393472384,1656.722150500001,1659.115622884001,1000
27,Experiment_03-03-2025-12-44-04,3,0.0010352282226085664,0.6557,35.90208531299999,3.5902085759999993,2485.0832257500015,2488.6734343260014,1500
27,Experiment_03-03-2025-12-44-04,4,0.0006715184211730957,0.8017,47.869447083999994,4.786944767999999,3313.444301000002,3318.231245768002,2000
27,Experiment_03-03-2025-12-44-04,5,0.0006234751045703888,0.7743,59.836808854999994,5.983680959999999,4141.805376250002,4147.789057210002,2500
27,Experiment_03-03-2025-12-44-04,6,0.0005824824690818786,0.7991,71.012260496,7.101226136999999,4970.166451500003,4977.267677637003,3000
27,Experiment_03-03-2025-12-44-04,7,0.0004411287218332291,0.8654,82.18771213699999,8.218771314,5798.527526750004,5806.746298064004,3500
27,Experiment_03-03-2025-12-44-04,8,0.0003955850392580032,0.8766,93.36316377799999,9.336316491,6626.8886020000045,6636.224918491004,4000
27,Experiment_03-03-2025-12-44-04,9,0.0003432529866695404,0.8937,104.53861541899998,10.453861668,7455.249677250005,7465.7035389180055,4500
27,Experiment_03-03-2025-12-44-04,10,0.0003925356686115265,0.8593,115.71406705999998,11.571406845,8283.610752500006,8295.182159345006,5000
27,Experiment_03-03-2025-12-44-04,11,0.000314440381526947,0.9007,128.02061002199997,12.802061157,9111.971827750007,9124.773888907006,5500
27,Experiment_03-03-2025-12-44-04,12,0.00028293036967515944,0.9126,140.32715298399998,14.032715469000001,9940.332903000008,9954.365618469008,6000
27,Experiment_03-03-2025-12-44-04,13,0.0002907940596342087,0.9072,152.633695946,15.263369781000002,10768.693978250009,10783.957348031008,6500
27,Experiment_03-03-2025-12-44-04,14,0.00023805586099624634,0.9308,164.940238908,16.494024093,11597.05505350001,11613.549077593008,7000
27,Experiment_03-03-2025-12-44-04,15,0.00022625748366117478,0.931,177.24678187,17.724678405,12425.41612875001,12443.14080715501,7500
27,Experiment_03-03-2025-12-44-04,16,0.00021017174571752548,0.9368,187.647251793,18.76472541,13253.77720400001,13272.54192941001,8000
27,Experiment_03-03-2025-12-44-04,17,0.00020078465789556503,0.9406,198.047721716,19.804772415000002,14082.138279250012,14101.943051665012,8500
27,Experiment_03-03-2025-12-44-04,18,0.00019497937113046646,0.9399,208.44819163900002,20.844819420000004,14910.499354500012,14931.344173920012,9000
27,Experiment_03-03-2025-12-44-04,19,0.00019499311298131942,0.9405,218.84866156200002,21.884866425000006,15738.860429750013,15760.745296175013,9500
27,Experiment_03-03-2025-12-44-04,20,0.0001910542830824852,0.9408,229.24913148500002,22.924913430000007,16567.221505000012,16590.146418430013,10000
27,Experiment_03-03-2025-12-44-04,21,0.00018880082070827484,0.9447,242.315911652,24.231591462000008,17395.58258025001,17419.814171712012,10500
27,Experiment_03-03-2025-12-44-04,22,0.00016764605790376663,0.9505,255.382691819,25.53826949400001,18223.94365550001,18249.481924994012,11000
27,Experiment_03-03-2025-12-44-04,23,0.00016481095999479293,0.952,268.449471986,26.84494752600001,19052.30473075001,19079.149678276008,11500
27,Experiment_03-03-2025-12-44-04,24,0.0001654253140091896,0.9496,281.516252153,28.15162555800001,19880.665806000008,19908.817431558007,12000
27,Experiment_03-03-2025-12-44-04,25,0.00015543488562107087,0.9539,294.58303232,29.45830359000001,20709.026881250007,20738.485184840007,12500
27,Experiment_03-03-2025-12-57-34,1,0.0018265255212783814,0.5234,11.760263700000003,1.1760263850000006,820.9111424500005,822.0871688350005,500
27,Experiment_03-03-2025-12-57-34,2,0.0012578752875328065,0.566,23.520527400000006,2.3520527700000007,1641.822284900001,1644.174337670001,1000
27,Experiment_03-03-2025-12-57-34,3,0.0008444164514541626,0.7556,35.28079110000001,3.5280791550000012,2462.7334273500014,2466.2615065050013,1500
27,Experiment_03-03-2025-12-57-34,4,0.0006609477818012237,0.803,47.04105480000001,4.704105540000001,3283.644569800002,3288.348675340002,2000
27,Experiment_03-03-2025-12-57-34,5,0.0005601819694042206,0.8296,58.801318500000015,5.8801319250000015,4104.555712250002,4110.435844175002,2500
27,Experiment_03-03-2025-12-57-34,6,0.00046642453968524935,0.8475,70.56158220000002,7.056158310000002,4925.466854700003,4932.523013010003,3000
27,Experiment_03-03-2025-12-57-34,7,0.0004203567624092102,0.8788,82.32184590000003,8.232184695000003,5746.3779971500035,5754.610181845003,3500
27,Experiment_03-03-2025-12-57-34,8,0.00034953165650367736,0.8985,94.08210960000002,9.408211080000003,6567.289139600004,6576.697350680004,4000
27,Experiment_03-03-2025-12-57-34,9,0.0003164203524589539,0.9079,105.84237330000002,10.584237465000003,7388.200282050005,7398.784519515005,4500
27,Experiment_03-03-2025-12-57-34,10,0.0002954832196235657,0.9137,117.60263700000002,11.760263850000003,8209.111424500004,8220.871688350004,5000
27,Experiment_03-03-2025-12-57-34,11,0.0002537066489458084,0.926,129.3629007,12.936290235000003,9030.022566950005,9042.958857185005,5500
27,Experiment_03-03-2025-12-57-34,12,0.0002746427908539772,0.9163,141.1231644,14.112316620000003,9850.933709400006,9865.046026020005,6000
27,Experiment_03-03-2025-12-57-34,13,0.0002475876644253731,0.9234,152.8834281,15.288343005000003,10671.844851850006,10687.133194855007,6500
27,Experiment_03-03-2025-12-57-34,14,0.00021209247261285783,0.9378,164.6436918,16.464369390000005,11492.755994300007,11509.220363690007,7000
27,Experiment_03-03-2025-12-57-34,15,0.000199824820458889,0.9415,176.4039555,17.640395775000005,12313.667136750008,12331.307532525008,7500
27,Experiment_03-03-2025-12-57-34,16,0.00018918659538030624,0.9452,188.1642192,18.816422160000005,13134.578279200008,13153.394701360008,8000
27,Experiment_03-03-2025-12-57-34,17,0.0001872813954949379,0.9438,199.9244829,19.992448545000006,13955.489421650009,13975.481870195008,8500
27,Experiment_03-03-2025-12-57-34,18,0.00018216790854930876,0.9473,211.68474659999998,21.168474930000006,14776.40056410001,14797.56903903001,9000
27,Experiment_03-03-2025-12-57-34,19,0.00016605305224657059,0.9518,223.44501029999998,22.344501315000006,15597.31170655001,15619.65620786501,9500
27,Experiment_03-03-2025-12-57-34,20,0.0001648466572165489,0.9512,235.20527399999997,23.520527700000006,16418.22284900001,16441.743376700008,10000
27,Experiment_03-03-2025-12-57-34,21,0.000165951968729496,0.9519,246.96553769999997,24.696554085000006,17239.13399145001,17263.83054553501,10500
27,Experiment_03-03-2025-12-57-34,22,0.00015366767346858978,0.9566,258.72580139999997,25.872580470000006,18060.04513390001,18085.91771437001,11000
27,Experiment_03-03-2025-12-57-34,23,0.00015203121602535248,0.9565,270.48606509999996,27.048606855000006,18880.95627635001,18908.004883205012,11500
27,Experiment_03-03-2025-12-57-34,24,0.00014250854849815367,0.9583,282.24632879999996,28.224633240000006,19701.86741880001,19730.09205204001,12000
27,Experiment_03-03-2025-12-57-34,25,0.00013286929205060004,0.9606,294.00659249999995,29.400659625000007,20522.778561250012,20552.179220875012,12500
28,Experiment_03-03-2025-13-01-32,1,0.002118162274360657,0.3838,19.008531587999997,1.900853187,828.3610752500005,830.2619284370005,500
28,Experiment_03-03-2025-13-01-32,2,0.0016495760679244996,0.4959,38.017063176,3.8017063740000006,1656.722150500001,1660.523856874001,1000
28,Experiment_03-03-2025-13-01-32,3,0.00096824831366539,0.6507,57.025594764000004,5.702559561000001,2485.0832257500015,2490.7857853110013,1500
28,Experiment_03-03-2025-13-01-32,4,0.0007136261284351349,0.7582,76.03412635200002,7.603412748000001,3313.444301000002,3321.047713748002,2000
28,Experiment_03-03-2025-13-01-32,5,0.0005140850991010666,0.8288,95.04265794000001,9.504265935000001,4141.805376250002,4151.309642185002,2500
28,Experiment_03-03-2025-13-01-32,6,0.0003692221373319626,0.895,113.92253634400001,11.392253802,4970.166451500003,4981.558705302003,3000
28,Experiment_03-03-2025-13-01-32,7,0.00028058081567287446,0.9187,132.802414748,13.280241669,5798.527526750004,5811.807768419004,3500
28,Experiment_03-03-2025-13-01-32,8,0.0002503044605255127,0.9279,151.682293152,15.168229536,6626.8886020000045,6642.056831536004,4000
28,Experiment_03-03-2025-13-01-32,9,0.00021249759048223496,0.9374,170.562171556,17.056217403,7455.249677250005,7472.305894653005,4500
28,Experiment_03-03-2025-13-01-32,10,0.00021168725341558456,0.9315,189.44204996000002,18.94420527,8283.610752500006,8302.554957770006,5000
28,Experiment_03-03-2025-13-01-32,11,0.00018024330586194993,0.9462,209.58167286900002,20.958167592000002,9111.971827750007,9132.929995342007,5500
28,Experiment_03-03-2025-13-01-32,12,0.00020178511142730714,0.9351,229.721295778,22.972129914000003,9940.332903000008,9963.305032914008,6000
28,Experiment_03-03-2025-13-01-32,13,0.0001722011998295784,0.9508,249.860918687,24.986092236000005,10768.693978250009,10793.680070486009,6500
28,Experiment_03-03-2025-13-01-32,14,0.00019300839602947234,0.9403,270.000541596,27.000054558000006,11597.05505350001,11624.05510805801,7000
28,Experiment_03-03-2025-13-01-32,15,0.00022368916273117067,0.933,290.14016450500003,29.014016880000007,12425.41612875001,12454.43014563001,7500
28,Experiment_03-03-2025-13-01-32,16,0.00012752929553389548,0.9608,308.20995833,30.820996287000007,13253.77720400001,13284.598200287011,8000
28,Experiment_03-03-2025-13-01-32,17,0.00011488681063055992,0.9644,326.279752155,32.62797569400001,14082.138279250012,14114.766254944012,8500
28,Experiment_03-03-2025-13-01-32,18,0.0001163861408829689,0.9628,344.34954597999996,34.43495510100001,14910.499354500012,14944.934309601013,9000
28,Experiment_03-03-2025-13-01-32,19,0.00010448214337229729,0.9693,362.419339805,36.24193450800001,15738.860429750013,15775.102364258013,9500
28,Experiment_03-03-2025-13-01-32,20,9.825222790241242e-05,0.9707,380.48913362999997,38.04891391500001,16567.221505000012,16605.270418915014,10000
28,Experiment_03-03-2025-13-01-32,21,0.00014255377277731896,0.9577,404.05712696399996,40.40571328200001,17395.58258025001,17435.988293532013,10500
28,Experiment_03-03-2025-13-01-32,22,9.732108563184738e-05,0.9732,427.62512029799996,42.76251264900001,18223.94365550001,18266.70616814901,11000
28,Experiment_03-03-2025-13-01-32,23,9.228745624423027e-05,0.9714,451.19311363199995,45.11931201600001,19052.30473075001,19097.424042766008,11500
28,Experiment_03-03-2025-13-01-32,24,8.631395921111106e-05,0.9738,474.76110696599994,47.47611138300001,19880.665806000008,19928.141917383007,12000
28,Experiment_03-03-2025-13-01-32,25,0.0004742520272731781,0.8488,498.32910029999994,49.83291075000001,20709.026881250007,20758.859792000007,12500
28,Experiment_03-03-2025-13-03-22,1,0.0021932454347610474,0.2135,23.5205274,2.3520527700000002,820.9111424500005,823.2631952200005,500
28,Experiment_03-03-2025-13-03-22,2,0.001628542399406433,0.5368,47.0410548,4.7041055400000005,1641.822284900001,1646.526390440001,1000
28,Experiment_03-03-2025-13-03-22,3,0.0009847124814987183,0.6601,70.5615822,7.056158310000001,2462.7334273500014,2469.7895856600016,1500
28,Experiment_03-03-2025-13-03-22,4,0.000783323073387146,0.7096,94.0821096,9.408211080000001,3283.644569800002,3293.052780880002,2000
28,Experiment_03-03-2025-13-03-22,5,0.00046481406688690186,0.8441,117.602637,11.760263850000001,4104.555712250002,4116.315976100002,2500
28,Experiment_03-03-2025-13-03-22,6,0.0003372773885726929,0.9112,141.1231644,14.112316620000001,4925.466854700003,4939.579171320003,3000
28,Experiment_03-03-2025-13-03-22,7,0.0003889172077178955,0.8543,164.6436918,16.46436939,5746.3779971500035,5762.842366540003,3500
28,Experiment_03-03-2025-13-03-22,8,0.00029115550220012667,0.8978,188.1642192,18.816422160000002,6567.289139600004,6586.105561760004,4000
28,Experiment_03-03-2025-13-03-22,9,0.00023214336335659026,0.9284,211.68474659999998,21.168474930000002,7388.200282050005,7409.368756980005,4500
28,Experiment_03-03-2025-13-03-22,10,0.00020136497020721436,0.9399,235.20527399999997,23.520527700000002,8209.111424500004,8232.631952200005,5000
28,Experiment_03-03-2025-13-03-22,11,0.000172120501101017,0.9481,258.72580139999997,25.872580470000003,9030.022566950005,9055.895147420006,5500
28,Experiment_03-03-2025-13-03-22,12,0.00015538419932127,0.9543,282.24632879999996,28.224633240000003,9850.933709400006,9879.158342640007,6000
28,Experiment_03-03-2025-13-03-22,13,0.00019163782894611358,0.9383,305.76685619999995,30.576686010000003,10671.844851850006,10702.421537860006,6500
28,Experiment_03-03-2025-13-03-22,14,0.00013282818272709846,0.9599,329.28738359999994,32.92873878,11492.755994300007,11525.684733080006,7000
28,Experiment_03-03-2025-13-03-22,15,0.00016051385551691056,0.947,352.80791099999993,35.280791550000004,12313.667136750008,12348.947928300007,7500
28,Experiment_03-03-2025-13-03-22,16,0.00012735025212168692,0.961,376.3284383999999,37.632844320000004,13134.578279200008,13172.211123520008,8000
28,Experiment_03-03-2025-13-03-22,17,0.0001178597278892994,0.965,399.8489657999999,39.984897090000004,13955.489421650009,13995.474318740009,8500
28,Experiment_03-03-2025-13-03-22,18,0.00010666619762778282,0.9671,423.3694931999999,42.336949860000004,14776.40056410001,14818.73751396001,9000
28,Experiment_03-03-2025-13-03-22,19,0.00010300469398498536,0.9694,446.8900205999999,44.689002630000005,15597.31170655001,15642.00070918001,9500
28,Experiment_03-03-2025-13-03-22,20,0.00010659585893154144,0.9688,470.4105479999999,47.041055400000005,16418.22284900001,16465.26390440001,10000
28,Experiment_03-03-2025-13-03-22,21,8.675267696380615e-05,0.9745,493.9310753999999,49.393108170000005,17239.13399145001,17288.52709962001,10500
28,Experiment_03-03-2025-13-03-22,22,9.476038068532943e-05,0.9721,517.4516027999999,51.745160940000005,18060.04513390001,18111.79029484001,11000
28,Experiment_03-03-2025-13-03-22,23,8.552970439195633e-05,0.9744,540.9721301999999,54.097213710000005,18880.95627635001,18935.05349006001,11500
28,Experiment_03-03-2025-13-03-22,24,8.172198235988617e-05,0.9745,564.4926575999999,56.449266480000006,19701.86741880001,19758.316685280013,12000
28,Experiment_03-03-2025-13-03-22,25,7.751320749521256e-05,0.977,588.0131849999999,58.801319250000006,20522.778561250012,20581.579880500012,12500
28,Experiment_03-03-2025-13-02-20,1,0.0022587591171264647,0.0982,25.048886450999987,2.5048886759999998,828.3610752500005,830.8659639260004,500
28,Experiment_03-03-2025-13-02-20,2,0.0018761870861053467,0.3439,50.097772901999974,5.0097773519999995,1656.722150500001,1661.7319278520008,1000
28,Experiment_03-03-2025-13-02-20,3,0.0013262243151664734,0.5686,75.14665935299996,7.514666027999999,2485.0832257500015,2492.5978917780017,1500
28,Experiment_03-03-2025-13-02-20,4,0.0007789341688156128,0.7294,100.19554580399995,10.019554703999997,3313.444301000002,3323.4638557040016,2000
28,Experiment_03-03-2025-13-02-20,5,0.000519897124171257,0.8346,125.24443225499994,12.524443379999997,4141.805376250002,4154.329819630002,2500
28,Experiment_03-03-2025-13-02-20,6,0.0003496425598859787,0.9027,149.71193658299993,14.971193840999998,4970.166451500003,4985.137645341003,3000
28,Experiment_03-03-2025-13-02-20,7,0.00029428096115589143,0.9151,174.17944091099992,17.417944302,5798.527526750004,5815.945471052004,3500
28,Experiment_03-03-2025-13-02-20,8,0.0002764188304543495,0.9156,198.6469452389999,19.864694763,6626.8886020000045,6646.753296763005,4000
28,Experiment_03-03-2025-13-02-20,9,0.0002247933581471443,0.9324,223.1144495669999,22.311445224,7455.249677250005,7477.561122474005,4500
28,Experiment_03-03-2025-13-02-20,10,0.0002013395756483078,0.9376,247.58195389499988,24.758195685,8283.610752500006,8308.368948185007,5000
28,Experiment_03-03-2025-13-02-20,11,0.00020047662258148194,0.9411,273.7619316669999,27.376193496,9111.971827750007,9139.348021246007,5500
28,Experiment_03-03-2025-13-02-20,12,0.00015918619632720947,0.9537,299.94190943899986,29.994191306999998,9940.332903000008,9970.327094307007,6000
28,Experiment_03-03-2025-13-02-20,13,0.00015421208888292314,0.9573,326.12188721099983,32.612189117999996,10768.693978250009,10801.306167368008,6500
28,Experiment_03-03-2025-13-02-20,14,0.00018140774369239808,0.9397,352.3018649829998,35.230186929,11597.05505350001,11632.28524042901,7000
28,Experiment_03-03-2025-13-02-20,15,0.00013088905587792398,0.9604,378.4818427549998,37.84818474,12425.41612875001,12463.26431349001,7500
28,Experiment_03-03-2025-13-02-20,16,0.00011945293694734574,0.9641,400.6074735169998,40.060747842,13253.77720400001,13293.837951842012,8000
28,Experiment_03-03-2025-13-02-20,17,0.00011450416892766953,0.965,422.7331042789998,42.273310943999995,14082.138279250012,14124.411590194011,8500
28,Experiment_03-03-2025-13-02-20,18,0.00010570186972618103,0.9672,444.8587350409998,44.48587404599999,14910.499354500012,14954.985228546013,9000
28,Experiment_03-03-2025-13-02-20,19,0.0001079546570777893,0.9662,466.98436580299983,46.698437148,15738.860429750013,15785.558866898013,9500
28,Experiment_03-03-2025-13-02-20,20,0.00011225720196962357,0.967,489.10999656499985,48.91100025,16567.221505000012,16616.13250525001,10000
28,Experiment_03-03-2025-13-02-20,21,0.00014206506609916686,0.9583,517.3601579449999,51.736016421,17395.58258025001,17447.31859667101,10500
28,Experiment_03-03-2025-13-02-20,22,0.00011116520166397095,0.967,545.6103193249999,54.561032592000004,18223.94365550001,18278.50468809201,11000
28,Experiment_03-03-2025-13-02-20,23,9.226404130458831e-05,0.9721,573.8604807049999,57.386048763000005,19052.30473075001,19109.69077951301,11500
28,Experiment_03-03-2025-13-02-20,24,9.969083219766617e-05,0.9706,602.1106420849999,60.21106493400001,19880.665806000008,19940.876870934007,12000
28,Experiment_03-03-2025-13-02-20,25,9.653578773140907e-05,0.9706,630.3608034649999,63.03608110500001,20709.026881250007,20772.06296235501,12500
29,Experiment_04-03-2025-18-19-17,1,0.0023042635679244995,0.098,51.46431591699999,5.146431657,828.3610752500005,833.5075069070004,500
29,Experiment_04-03-2025-18-19-17,2,0.0022787394285202025,0.1688,102.92863183399999,10.292863314,1656.722150500001,1667.015013814001,1000
29,Experiment_04-03-2025-18-19-17,3,0.0022150692462921144,0.2365,154.39294775099998,15.439294970999999,2485.0832257500015,2500.5225207210015,1500
29,Experiment_04-03-2025-18-19-17,4,0.0013699695110321044,0.6328,205.85726366799997,20.585726628,3313.444301000002,3334.030027628002,2000
29,Experiment_04-03-2025-18-19-17,5,0.0008250046133995056,0.7245,257.321579585,25.732158284999997,4141.805376250002,4167.537534535002,2500
29,Experiment_04-03-2025-18-19-17,6,0.0005587018489837647,0.8082,306.492039935,30.649204376999997,4970.166451500003,5000.815655877003,3000
29,Experiment_04-03-2025-18-19-17,7,0.000328889474272728,0.9009,355.66250028499996,35.566250468999996,5798.527526750004,5834.093777219004,3500
29,Experiment_04-03-2025-18-19-17,8,0.0003014038771390915,0.9017,404.83296063499995,40.483296560999996,6626.8886020000045,6667.371898561005,4000
29,Experiment_04-03-2025-18-19-17,9,0.0002301200047135353,0.9272,454.00342098499993,45.400342652999996,7455.249677250005,7500.650019903005,4500
29,Experiment_04-03-2025-18-19-17,10,0.00020752114355564118,0.9377,503.1738813349999,50.317388744999995,8283.610752500006,8333.928141245005,5000
29,Experiment_04-03-2025-18-19-17,11,0.00016809420585632323,0.9495,556.3189977709999,55.63190045699999,9111.971827750007,9167.603728207006,5500
29,Experiment_04-03-2025-18-19-17,12,0.00016470602452754976,0.9499,609.4641142069999,60.94641216899999,9940.332903000008,10001.279315169008,6000
29,Experiment_04-03-2025-18-19-17,13,0.0001401172950863838,0.9602,662.6092306429998,66.260923881,10768.693978250009,10834.954902131009,6500
29,Experiment_04-03-2025-18-19-17,14,0.0001277567446231842,0.963,715.7543470789998,71.575435593,11597.05505350001,11668.63048909301,7000
29,Experiment_04-03-2025-18-19-17,15,0.00012295542657375335,0.9619,768.8994635149998,76.88994730499999,12425.41612875001,12502.30607605501,7500
29,Experiment_04-03-2025-18-19-17,16,0.00011196515038609505,0.9668,814.1611584509998,81.416116851,13253.77720400001,13335.19332085101,8000
29,Experiment_04-03-2025-18-19-17,17,0.00010285336524248124,0.9697,859.4228533869998,85.942286397,14082.138279250012,14168.080565647011,8500
29,Experiment_04-03-2025-18-19-17,18,0.00010840214565396309,0.9686,904.6845483229998,90.46845594300001,14910.499354500012,15000.967810443013,9000
29,Experiment_04-03-2025-18-19-17,19,8.97000402212143e-05,0.9726,949.9462432589999,94.99462548900001,15738.860429750013,15833.855055239013,9500
29,Experiment_04-03-2025-18-19-17,20,8.767303675413131e-05,0.973,995.2079381949999,99.52079503500002,16567.221505000012,16666.742300035014,10000
29,Experiment_04-03-2025-18-19-17,21,0.00011918625384569168,0.9634,1052.2828938399998,105.22829066700002,17395.58258025001,17500.810870917012,10500
29,Experiment_04-03-2025-18-19-17,22,8.3511371165514e-05,0.9748,1109.3578494849999,110.93578629900003,18223.94365550001,18334.87944179901,11000
29,Experiment_04-03-2025-18-19-17,23,7.593601122498512e-05,0.9764,1166.43280513,116.64328193100003,19052.30473075001,19168.94801268101,11500
29,Experiment_04-03-2025-18-19-17,24,7.71042998880148e-05,0.9764,1223.507760775,122.35077756300004,19880.665806000008,20003.016583563007,12000
29,Experiment_04-03-2025-18-19-17,25,6.974832117557525e-05,0.9784,1280.58271642,128.05827319500003,20709.026881250007,20837.08515444501,12500
29,Experiment_04-03-2025-18-20-18,1,0.002292664790153503,0.1508,47.0410548,4.704105540000002,820.9111424500005,825.6152479900005,500
29,Experiment_04-03-2025-18-20-18,2,0.002284592580795288,0.1295,94.0821096,9.408211080000005,1641.822284900001,1651.230495980001,1000
29,Experiment_04-03-2025-18-20-18,3,0.0018986433982849122,0.3455,141.12316439999998,14.112316620000007,2462.7334273500014,2476.8457439700014,1500
29,Experiment_04-03-2025-18-20-18,4,0.001059627866744995,0.6585,188.1642192,18.81642216000001,3283.644569800002,3302.460991960002,2000
29,Experiment_04-03-2025-18-20-18,5,0.0006987930655479431,0.767,235.20527399999997,23.52052770000001,4104.555712250002,4128.076239950003,2500
29,Experiment_04-03-2025-18-20-18,6,0.00048101487755775453,0.849,282.24632879999996,28.22463324000001,4925.466854700003,4953.691487940003,3000
29,Experiment_04-03-2025-18-20-18,7,0.0003629194974899292,0.8927,329.28738359999994,32.92873878000001,5746.3779971500035,5779.306735930004,3500
29,Experiment_04-03-2025-18-20-18,8,0.0003103390008211136,0.9066,376.3284384,37.63284432000001,6567.289139600004,6604.921983920004,4000
29,Experiment_04-03-2025-18-20-18,9,0.0002873969927430153,0.9098,423.36949319999997,42.33694986000001,7388.200282050005,7430.537231910005,4500
29,Experiment_04-03-2025-18-20-18,10,0.00022828284949064255,0.9254,470.41054799999995,47.04105540000001,8209.111424500004,8256.152479900005,5000
29,Experiment_04-03-2025-18-20-18,11,0.00021647858768701554,0.9298,517.4516027999999,51.74516094000001,9030.022566950005,9081.767727890005,5500
29,Experiment_04-03-2025-18-20-18,12,0.00024144969284534454,0.9212,564.4926575999999,56.44926648000001,9850.933709400006,9907.382975880006,6000
29,Experiment_04-03-2025-18-20-18,13,0.00017351314276456832,0.9483,611.5337123999999,61.15337202000001,10671.844851850006,10732.998223870007,6500
29,Experiment_04-03-2025-18-20-18,14,0.00017287884205579757,0.9449,658.5747671999999,65.85747756000002,11492.755994300007,11558.613471860008,7000
29,Experiment_04-03-2025-18-20-18,15,0.0001485725037753582,0.9532,705.6158219999999,70.56158310000002,12313.667136750008,12384.228719850007,7500
29,Experiment_04-03-2025-18-20-18,16,0.00014258528873324394,0.9549,752.6568767999998,75.26568864000002,13134.578279200008,13209.843967840008,8000
29,Experiment_04-03-2025-18-20-18,17,0.00013636660575866698,0.9565,799.6979315999998,79.96979418000002,13955.489421650009,14035.45921583001,8500
29,Experiment_04-03-2025-18-20-18,18,0.00013201805353164672,0.9577,846.7389863999998,84.67389972000002,14776.40056410001,14861.07446382001,9000
29,Experiment_04-03-2025-18-20-18,19,0.00011879787221550942,0.9649,893.7800411999998,89.37800526000002,15597.31170655001,15686.68971181001,9500
29,Experiment_04-03-2025-18-20-18,20,0.00012745194286108017,0.9609,940.8210959999998,94.08211080000002,16418.22284900001,16512.30495980001,10000
29,Experiment_04-03-2025-18-20-18,21,0.00010791005119681358,0.9667,987.8621507999998,98.78621634000002,17239.13399145001,17337.920207790008,10500
29,Experiment_04-03-2025-18-20-18,22,0.00011421664133667946,0.9641,1034.9032055999999,103.49032188000002,18060.04513390001,18163.53545578001,11000
29,Experiment_04-03-2025-18-20-18,23,0.00013363360539078711,0.9586,1081.9442603999998,108.19442742000003,18880.95627635001,18989.15070377001,11500
29,Experiment_04-03-2025-18-20-18,24,0.00010359748676419258,0.9685,1128.9853151999998,112.89853296000003,19701.86741880001,19814.76595176001,12000
29,Experiment_04-03-2025-18-20-18,25,0.00011246661022305488,0.9622,1176.0263699999998,117.60263850000003,20522.778561250012,20640.381199750012,12500
29,Experiment_04-03-2025-18-18-30,1,0.0022951168775558473,0.1086,39.92313621499999,3.9923136809999997,828.3610752500005,832.3533889310005,500
29,Experiment_04-03-2025-18-18-30,2,0.0022684122562408445,0.2132,79.84627242999998,7.9846273619999995,1656.722150500001,1664.706777862001,1000
29,Experiment_04-03-2025-18-18-30,3,0.0021435365676879883,0.3002,119.76940864499997,11.976941043,2485.0832257500015,2497.0601667930014,1500
29,Experiment_04-03-2025-18-18-30,4,0.0014171249270439148,0.6088,159.69254485999997,15.969254723999999,3313.444301000002,3329.413555724002,2000
29,Experiment_04-03-2025-18-18-30,5,0.0007853758990764618,0.7438,199.61568107499997,19.961568404999998,4141.805376250002,4161.766944655003,2500
29,Experiment_04-03-2025-18-18-30,6,0.0005691009163856506,0.7935,238.15041960099995,23.815042311,4970.166451500003,4993.981493811003,3000
29,Experiment_04-03-2025-18-18-30,7,0.0003650474816560745,0.8882,276.68515812699997,27.668516216999997,5798.527526750004,5826.196042967003,3500
29,Experiment_04-03-2025-18-18-30,8,0.0003014659643173218,0.9079,315.219896653,31.521990122999995,6626.8886020000045,6658.410592123005,4000
29,Experiment_04-03-2025-18-18-30,9,0.00024085019528865816,0.9305,353.754635179,35.37546402899999,7455.249677250005,7490.625141279005,4500
29,Experiment_04-03-2025-18-18-30,10,0.00019707510620355607,0.9396,392.289373705,39.22893793499999,8283.610752500006,8322.839690435007,5000
29,Experiment_04-03-2025-18-18-30,11,0.00017750049978494645,0.9462,434.346039378,43.43460456599999,9111.971827750007,9155.406432316007,5500
29,Experiment_04-03-2025-18-18-30,12,0.00015876587629318236,0.9523,476.402705051,47.64027119699999,9940.332903000008,9987.973174197008,6000
29,Experiment_04-03-2025-18-18-30,13,0.00014891035109758377,0.9561,518.459370724,51.84593782799999,10768.693978250009,10820.539916078009,6500
29,Experiment_04-03-2025-18-18-30,14,0.00014548509046435356,0.9553,560.516036397,56.05160445899999,11597.05505350001,11653.10665795901,7000
29,Experiment_04-03-2025-18-18-30,15,0.00012153723761439323,0.963,602.57270207,60.25727108999999,12425.41612875001,12485.67339984001,7500
29,Experiment_04-03-2025-18-18-30,16,0.00011269787922501564,0.9641,639.7227231319999,63.972273245999986,13253.77720400001,13317.74947724601,8000
29,Experiment_04-03-2025-18-18-30,17,0.00011570101380348206,0.9634,676.8727441939999,67.68727540199998,14082.138279250012,14149.825554652012,8500
29,Experiment_04-03-2025-18-18-30,18,0.00011145884916186333,0.9645,714.022765256,71.40227755799998,14910.499354500012,14981.901632058012,9000
29,Experiment_04-03-2025-18-18-30,19,0.00010223306268453598,0.9699,751.172786318,75.11727971399998,15738.860429750013,15813.977709464014,9500
29,Experiment_04-03-2025-18-18-30,20,9.312946125864983e-05,0.9723,788.3228073800001,78.83228186999997,16567.221505000012,16646.053786870012,10000
29,Experiment_04-03-2025-18-18-30,21,9.901212826371193e-05,0.9683,837.0256858960001,83.70256979099997,17395.58258025001,17479.28515004101,10500
29,Experiment_04-03-2025-18-18-30,22,8.557680770754814e-05,0.9716,885.7285644120001,88.57285771199997,18223.94365550001,18312.51651321201,11000
29,Experiment_04-03-2025-18-18-30,23,8.296481147408485e-05,0.9733,934.431442928,93.44314563299997,19052.30473075001,19145.747876383008,11500
29,Experiment_04-03-2025-18-18-30,24,0.000263690622150898,0.9102,983.1343214440001,98.31343355399997,19880.665806000008,19978.97923955401,12000
29,Experiment_04-03-2025-18-18-30,25,8.59291948378086e-05,0.9736,1031.8371999600001,103.18372147499997,20709.026881250007,20812.21060272501,12500
30,Experiment_04-03-2025-18-26-48,1,0.0014559331178665162,0.5002,23.934723541999993,2.393472384,1649.2722177000014,1651.6656900840014,1000
30,Experiment_04-03-2025-18-26-48,2,0.000852925968170166,0.7172,47.86944708399999,4.786944768,3298.544435400003,3303.331380168003,2000
30,Experiment_04-03-2025-18-26-48,3,0.0005188579976558686,0.8503,71.80417062599997,7.180417151999999,4947.816653100004,4954.997070252004,3000
30,Experiment_04-03-2025-18-26-48,4,0.0004123347908258438,0.8729,95.73889416799997,9.573889536,6597.088870800006,6606.662760336006,4000
30,Experiment_04-03-2025-18-26-48,5,0.0003252710223197937,0.9067,119.67361770999997,11.967361919999998,8246.361088500007,8258.328450420007,5000
30,Experiment_04-03-2025-18-26-48,6,0.0002767260536551476,0.9195,142.02452099199996,14.202452273999999,9895.633306200009,9909.835758474008,6000
30,Experiment_04-03-2025-18-26-48,7,0.00023891640454530715,0.9304,164.37542427399995,16.437542628,11544.90552390001,11561.34306652801,7000
30,Experiment_04-03-2025-18-26-48,8,0.0002153958112001419,0.9385,186.72632755599994,18.672632982,13194.177741600011,13212.85037458201,8000
30,Experiment_04-03-2025-18-26-48,9,0.0002145789235830307,0.9348,209.07723083799993,20.907723336,14843.449959300013,14864.357682636013,9000
30,Experiment_04-03-2025-18-26-48,10,0.00018791691809892655,0.944,231.42813411999992,23.14281369,16492.722177000014,16515.864990690014,10000
30,Experiment_04-03-2025-18-26-48,11,0.00017880220860242845,0.9486,256.04122004399994,25.604122314,18141.994394700014,18167.598517014012,11000
30,Experiment_04-03-2025-18-26-48,12,0.00016438679844141006,0.9526,280.65430596799996,28.065430938000002,19791.266612400017,19819.332043338018,12000
30,Experiment_04-03-2025-18-26-48,13,0.00014990300685167312,0.9554,305.267391892,30.526739562000003,21440.53883010002,21471.06556966202,13000
30,Experiment_04-03-2025-18-26-48,14,0.00014654587656259536,0.9574,329.88047781599994,32.988048186,23089.811047800024,23122.79909598602,14000
30,Experiment_04-03-2025-18-26-48,15,0.0001408791147172451,0.9587,354.4935637399999,35.44935681,24739.083265500027,24774.532622310027,15000
30,Experiment_04-03-2025-18-26-48,16,0.00012750809490680694,0.9621,375.2945035859999,37.52945082,26388.35548320003,26425.88493402003,16000
30,Experiment_04-03-2025-18-26-48,17,0.00011646054983139038,0.9657,396.0954434319999,39.609544830000004,28037.627700900033,28077.237245730033,17000
30,Experiment_04-03-2025-18-26-48,18,0.00011771088540554047,0.965,416.8963832779999,41.68963884000001,29686.899918600036,29728.589557440035,18000
30,Experiment_04-03-2025-18-26-48,19,0.00011051813662052155,0.9666,437.6973231239999,43.76973285000001,31336.17213630004,31379.94186915004,19000
30,Experiment_04-03-2025-18-26-48,20,0.00010957058444619178,0.9683,458.4982629699999,45.849826860000015,32985.44435400004,33031.294180860044,20000
30,Experiment_04-03-2025-18-26-48,21,0.00020359204262495042,0.9331,484.6318233039999,48.463182924000016,34634.716571700046,34683.17975462405,21000
30,Experiment_04-03-2025-18-26-48,22,0.00011214952617883682,0.9658,510.7653836379999,51.07653898800002,36283.98878940005,36335.06532838805,22000
30,Experiment_04-03-2025-18-26-48,23,9.387768730521202e-05,0.9722,536.8989439719999,53.68989505200002,37933.26100710005,37986.95090215205,23000
30,Experiment_04-03-2025-18-26-48,24,0.00010136692374944687,0.969,563.0325043059999,56.30325111600002,39582.533224800056,39638.836475916054,24000
30,Experiment_04-03-2025-18-26-48,25,9.372466877102852e-05,0.9703,589.1660646399998,58.91660718000002,41231.80544250006,41290.72204968006,25000
30,Experiment_04-03-2025-18-26-12,1,0.0014773971557617187,0.6058,17.981169763999993,1.7981170020000004,1649.2722177000014,1651.0703347020014,1000
30,Experiment_04-03-2025-18-26-12,2,0.0008840418100357055,0.7218,35.96233952799999,3.5962340040000007,3298.544435400003,3302.140669404003,2000
30,Experiment_04-03-2025-18-26-12,3,0.0006446594536304473,0.7703,53.94350929199998,5.394351006000001,4947.816653100004,4953.211004106004,3000
30,Experiment_04-03-2025-18-26-12,4,0.00045591802299022673,0.8611,71.92467905599997,7.1924680080000005,6597.088870800006,6604.281338808006,4000
30,Experiment_04-03-2025-18-26-12,5,0.00039288481771945956,0.885,89.90584881999996,8.99058501,8246.361088500007,8255.351673510007,5000
30,Experiment_04-03-2025-18-26-12,6,0.000331740802526474,0.8964,107.20865620199996,10.720865772,9895.633306200009,9906.354171972009,6000
30,Experiment_04-03-2025-18-26-12,7,0.00027011062800884247,0.9198,124.51146358399996,12.451146534,11544.90552390001,11557.35667043401,7000
30,Experiment_04-03-2025-18-26-12,8,0.00023333808481693267,0.931,141.81427096599995,14.181427295999999,13194.177741600011,13208.359168896011,8000
30,Experiment_04-03-2025-18-26-12,9,0.00021162985265254974,0.9352,159.11707834799995,15.911708057999999,14843.449959300013,14859.361667358013,9000
30,Experiment_04-03-2025-18-26-12,10,0.00019838363230228424,0.941,176.41988572999995,17.641988819999998,16492.722177000014,16510.364165820014,10000
30,Experiment_04-03-2025-18-26-12,11,0.0001860582023859024,0.9446,195.98487575399994,19.598487851999998,18141.994394700014,18161.592882552013,11000
30,Experiment_04-03-2025-18-26-12,12,0.000179307322204113,0.9473,215.54986577799994,21.554986883999998,19791.266612400017,19812.821599284016,12000
30,Experiment_04-03-2025-18-26-12,13,0.0001550064131617546,0.9549,235.11485580199994,23.511485915999998,21440.53883010002,21464.05031601602,13000
30,Experiment_04-03-2025-18-26-12,14,0.0001520710065960884,0.9565,254.67984582599993,25.467984947999998,23089.811047800024,23115.279032748025,14000
30,Experiment_04-03-2025-18-26-12,15,0.0001377644494175911,0.959,274.24483584999996,27.424483979999998,24739.083265500027,24766.507749480028,15000
30,Experiment_04-03-2025-18-26-12,16,0.00012517280206084252,0.963,291.076739844,29.107674401999997,26388.35548320003,26417.46315760203,16000
30,Experiment_04-03-2025-18-26-12,17,0.0001280653677880764,0.9624,307.908643838,30.790864823999996,28037.627700900033,28068.418565724034,17000
30,Experiment_04-03-2025-18-26-12,18,0.00012219284102320672,0.9643,324.740547832,32.474055246,29686.899918600036,29719.373973846035,18000
30,Experiment_04-03-2025-18-26-12,19,0.00014764292761683463,0.9556,341.572451826,34.157245668,31336.17213630004,31370.32938196804,19000
30,Experiment_04-03-2025-18-26-12,20,0.00011076230257749558,0.9681,358.40435582000003,35.840436090000004,32985.44435400004,33021.284790090045,20000
30,Experiment_04-03-2025-18-26-12,21,0.00010921149924397469,0.9693,380.39527813200004,38.039528352000005,34634.716571700046,34672.75610005204,21000
30,Experiment_04-03-2025-18-26-12,22,0.00010345919728279114,0.969,402.38620044400005,40.238620614000006,36283.98878940005,36324.22741001405,22000
30,Experiment_04-03-2025-18-26-12,23,0.00010270168408751487,0.9712,424.37712275600006,42.437712876000006,37933.26100710005,37975.698719976055,23000
30,Experiment_04-03-2025-18-26-12,24,0.00010240678265690804,0.9702,446.3680450680001,44.63680513800001,39582.533224800056,39627.17002993805,24000
30,Experiment_04-03-2025-18-26-12,25,9.109723791480064e-05,0.9728,468.3589673800001,46.83589740000001,41231.80544250006,41278.64133990006,25000
30,Experiment_04-03-2025-18-27-52,1,0.0014022449254989624,0.5715,23.520527400000002,2.3520527700000002,1641.8222849000015,1644.1743376700015,1000
30,Experiment_04-03-2025-18-27-52,2,0.0007350879728794098,0.7926,47.041054800000005,4.7041055400000005,3283.644569800003,3288.348675340003,2000
30,Experiment_04-03-2025-18-27-52,3,0.00048357331454753873,0.8648,70.5615822,7.056158310000001,4925.466854700005,4932.523013010004,3000
30,Experiment_04-03-2025-18-27-52,4,0.0003659923166036606,0.8937,94.0821096,9.408211080000001,6567.289139600006,6576.697350680006,4000
30,Experiment_04-03-2025-18-27-52,5,0.00029681940078735353,0.9121,117.60263699999999,11.760263850000001,8209.111424500008,8220.871688350007,5000
30,Experiment_04-03-2025-18-27-52,6,0.0002572104200720787,0.9248,141.1231644,14.112316620000001,9850.93370940001,9865.046026020009,6000
30,Experiment_04-03-2025-18-27-52,7,0.00022465687096118926,0.9349,164.6436918,16.46436939,11492.75599430001,11509.22036369001,7000
30,Experiment_04-03-2025-18-27-52,8,0.00019797725081443785,0.9412,188.1642192,18.816422160000002,13134.578279200012,13153.394701360012,8000
30,Experiment_04-03-2025-18-27-52,9,0.00017841175347566604,0.9485,211.68474659999998,21.168474930000002,14776.400564100013,14797.569039030013,9000
30,Experiment_04-03-2025-18-27-52,10,0.0001612289309501648,0.9523,235.20527399999997,23.520527700000002,16418.222849000016,16441.743376700015,10000
30,Experiment_04-03-2025-18-27-52,11,0.0023097971439361574,0.1005,254.26600438999998,25.426600770000004,17567.49844843002,17592.925049200017,10700
30,Experiment_04-03-2025-18-27-52,12,0.00231630437374115,0.1503,277.78653178999997,27.778653540000004,19209.32073333002,19237.09938687002,11700
30,Experiment_04-03-2025-18-27-52,13,0.002286446952819824,0.3992,301.30705918999996,30.130706310000004,20851.14301823002,20881.27372454002,12700
30,Experiment_04-03-2025-18-27-52,14,0.00192531555891037,0.367,324.82758658999995,32.48275908000001,22492.965303130022,22525.448062210024,13700
30,Experiment_04-03-2025-18-27-52,15,0.0012979758620262146,0.5398,348.34811398999994,34.83481185000001,24134.787588030023,24169.622399880023,14700
30,Experiment_04-03-2025-18-27-52,16,0.0010477485299110413,0.6172,371.86864138999994,37.18686462000001,25776.609872930025,25813.796737550023,15700
30,Experiment_04-03-2025-18-27-52,17,0.000905738639831543,0.6517,395.3891687899999,39.53891739000001,27418.432157830026,27457.971075220026,16700
30,Experiment_04-03-2025-18-27-52,18,0.0008045106053352356,0.7012,418.9096961899999,41.89097016000001,29060.254442730027,29102.145412890026,17700
30,Experiment_04-03-2025-18-27-52,19,0.0007120248377323151,0.7401,442.4302235899999,44.24302293000001,30702.07672763003,30746.31975056003,18700
30,Experiment_04-03-2025-18-27-52,20,0.0006691781044006347,0.7528,465.9507509899999,46.59507570000001,32343.89901253003,32390.49408823003,19700
30,Experiment_04-03-2025-18-27-52,21,0.0006213887929916382,0.779,489.4712783899999,48.94712847000001,33985.721297430035,34034.66842590003,20700
30,Experiment_04-03-2025-18-27-52,22,0.0005468592345714569,0.8109,512.99180579,51.29918124000001,35627.543582330036,35678.842763570035,21700
30,Experiment_04-03-2025-18-27-52,23,0.0004981608241796493,0.8306,536.5123331899999,53.65123401000001,37269.36586723004,37323.01710124004,22700
30,Experiment_04-03-2025-18-27-52,24,0.00044269008338451384,0.8523,560.0328605899999,56.00328678000001,38911.18815213004,38967.191438910035,23700
30,Experiment_04-03-2025-18-27-52,25,0.00039304207563400266,0.8687,583.5533879899999,58.35533955000001,40553.01043703004,40611.36577658004,24700
31,Experiment_04-03-2025-23-21-16,1,0.0021607993602752685,0.1995,5.880131850000001,0.5880131925000002,410.45557122500026,411.04358441750026,250
31,Experiment_04-03-2025-23-21-16,2,0.0018372724533081055,0.3784,11.7602637,1.1760263850000003,820.9111424500005,822.0871688350005,500
31,Experiment_04-03-2025-23-21-16,3,0.001534251356124878,0.4881,17.64039555,1.7640395775000006,1231.3667136750007,1233.1307532525007,750
31,Experiment_04-03-2025-23-21-16,4,0.00131207332611084,0.6262,23.520527400000002,2.3520527700000007,1641.822284900001,1644.174337670001,1000
31,Experiment_04-03-2025-23-21-16,5,0.000980905109643936,0.7097,29.400659250000004,2.9400659625000007,2052.277856125001,2055.217922087501,1250
31,Experiment_04-03-2025-23-21-16,6,0.0008687275648117065,0.7316,35.2807911,3.528079155000001,2462.7334273500014,2466.2615065050013,1500
31,Experiment_04-03-2025-23-21-16,7,0.0007187796115875244,0.8078,41.16092295,4.1160923475,2873.1889985750017,2877.3050909225017,1750
31,Experiment_04-03-2025-23-21-16,8,0.0005894393980503082,0.8564,47.041054800000005,4.7041055400000005,3283.644569800002,3288.348675340002,2000
31,Experiment_04-03-2025-23-21-16,9,0.0005304806768894196,0.8722,52.92118665,5.2921187325000005,3694.1001410250024,3699.3922597575024,2250
31,Experiment_04-03-2025-23-21-16,10,0.00047621593475341795,0.8816,58.8013185,5.880131925000001,4104.555712250002,4110.435844175002,2500
31,Experiment_04-03-2025-23-21-16,11,0.0004535505324602127,0.8833,64.68145035,6.468145117500001,4515.0112834750025,4521.479428592503,2750
31,Experiment_04-03-2025-23-21-16,12,0.0004329975575208664,0.8739,70.5615822,7.056158310000001,4925.466854700003,4932.523013010003,3000
31,Experiment_04-03-2025-23-21-16,13,0.00039322285354137423,0.897,76.44171405,7.644171502500001,5335.922425925003,5343.566597427503,3250
31,Experiment_04-03-2025-23-21-16,14,0.0003530715674161911,0.9014,82.3218459,8.232184695,5746.3779971500035,5754.610181845003,3500
31,Experiment_04-03-2025-23-21-16,15,0.0003307677537202835,0.9062,88.20197775,8.820197887500001,6156.833568375004,6165.653766262504,3750
31,Experiment_04-03-2025-23-21-16,16,0.00032958684861660004,0.9076,94.0821096,9.408211080000001,6567.289139600004,6576.697350680004,4000
31,Experiment_04-03-2025-23-21-16,17,0.0003138922363519669,0.9089,99.96224145,9.996224272500001,6977.744710825004,6987.740935097504,4250
31,Experiment_04-03-2025-23-21-16,18,0.0003009346902370453,0.9122,105.84237329999999,10.584237465000001,7388.200282050005,7398.784519515005,4500
31,Experiment_04-03-2025-23-21-16,19,0.00027872752249240876,0.9236,111.72250514999999,11.172250657500001,7798.655853275005,7809.828103932505,4750
31,Experiment_04-03-2025-23-21-16,20,0.00030816201865673063,0.9013,117.60263699999999,11.760263850000001,8209.111424500004,8220.871688350004,5000
31,Experiment_04-03-2025-23-21-16,21,0.00028118254840373995,0.9197,123.48276884999999,12.348277042500001,8619.566995725005,8631.915272767505,5250
31,Experiment_04-03-2025-23-21-16,22,0.0002422521188855171,0.9325,129.36290069999998,12.936290235000001,9030.022566950005,9042.958857185005,5500
31,Experiment_04-03-2025-23-21-16,23,0.00024364858865737914,0.9281,135.24303254999998,13.524303427500001,9440.478138175005,9454.002441602506,5750
31,Experiment_04-03-2025-23-21-16,24,0.0002667569160461426,0.9171,141.12316439999998,14.112316620000001,9850.933709400006,9865.046026020005,6000
31,Experiment_04-03-2025-23-21-16,25,0.0002431498184800148,0.9297,147.00329624999998,14.700329812500001,10261.389280625006,10276.089610437506,6250
31,Experiment_04-03-2025-23-19-40,1,0.002189317750930786,0.2539,4.495292440999999,0.44952925050000003,417.90550402500025,418.35503327550026,250
31,Experiment_04-03-2025-23-19-40,2,0.0019210992455482483,0.4454,8.990584881999999,0.8990585010000002,835.8110080500005,836.7100665510005,500
31,Experiment_04-03-2025-23-19-40,3,0.0016140307545661925,0.5571,13.485877322999997,1.3485877515000002,1253.7165120750008,1255.0650998265007,750
31,Experiment_04-03-2025-23-19-40,4,0.001334179699420929,0.6289,17.981169763999993,1.7981170020000004,1671.622016100001,1673.420133102001,1000
31,Experiment_04-03-2025-23-19-40,5,0.0011819228649139403,0.6239,22.476462204999994,2.2476462525000005,2089.5275201250015,2091.7751663775016,1250
31,Experiment_04-03-2025-23-19-40,6,0.0008969289422035218,0.7679,26.802164050499993,2.6802164430000004,2507.433024150002,2510.113240593002,1500
31,Experiment_04-03-2025-23-19-40,7,0.0008073038756847381,0.7648,31.127865895999992,3.1127866335000003,2925.3385281750025,2928.4513148085025,1750
31,Experiment_04-03-2025-23-19-40,8,0.0006650061130523681,0.8505,35.453567741499995,3.545356824,3343.244032200003,3346.789389024003,2000
31,Experiment_04-03-2025-23-19-40,9,0.0005969510555267334,0.8547,39.779269586999995,3.9779270145000005,3761.1495362250034,3765.1274632395034,2250
31,Experiment_04-03-2025-23-19-40,10,0.000551550030708313,0.8682,44.104971432499994,4.410497205,4179.055040250004,4183.465537455004,2500
31,Experiment_04-03-2025-23-19-40,11,0.0005096003830432892,0.8712,48.99621893849999,4.899621963,4596.960544275004,4601.860166238004,2750
31,Experiment_04-03-2025-23-19-40,12,0.0004662350684404373,0.883,53.88746644449999,5.388746721,5014.866048300005,5020.254795021005,3000
31,Experiment_04-03-2025-23-19-40,13,0.0004963635981082916,0.8474,58.77871395049999,5.877871479,5432.771552325005,5438.649423804005,3250
31,Experiment_04-03-2025-23-19-40,14,0.0004098691999912262,0.8903,63.66996145649999,6.366996237,5850.677056350006,5857.044052587006,3500
31,Experiment_04-03-2025-23-19-40,15,0.000388021120429039,0.8911,68.56120896249999,6.856120995,6268.582560375006,6275.438681370007,3750
31,Experiment_04-03-2025-23-19-40,16,0.00035547265112400054,0.9019,72.769184961,7.2769186005,6686.488064400007,6693.764983000507,4000
31,Experiment_04-03-2025-23-19-40,17,0.00037177230417728425,0.8871,76.9771609595,7.697716206,7104.393568425007,7112.0912846310075,4250
31,Experiment_04-03-2025-23-19-40,18,0.0003241572558879852,0.9104,81.185136958,8.1185138115,7522.299072450008,7530.4175862615075,4500
31,Experiment_04-03-2025-23-19-40,19,0.00032188750505447386,0.9039,85.3931129565,8.539311417,7940.204576475008,7948.743887892008,4750
31,Experiment_04-03-2025-23-19-40,20,0.0003112774521112442,0.9088,89.60108895500001,8.960109022500001,8358.110080500008,8367.070189522508,5000
31,Experiment_04-03-2025-23-19-40,21,0.0003839785933494568,0.8838,95.09881953300001,9.509882088000001,8776.015584525008,8785.525466613008,5250
31,Experiment_04-03-2025-23-19-40,22,0.00029084875285625457,0.9175,100.59655011100001,10.059655153500001,9193.921088550009,9203.980743703509,5500
31,Experiment_04-03-2025-23-19-40,23,0.0002727452397346497,0.9244,106.09428068900002,10.609428219000002,9611.82659257501,9622.43602079401,5750
31,Experiment_04-03-2025-23-19-40,24,0.000272575119137764,0.9203,111.59201126700002,11.159201284500002,10029.73209660001,10040.89129788451,6000
31,Experiment_04-03-2025-23-19-40,25,0.00025983492732048035,0.9268,117.08974184500002,11.708974350000002,10447.63760062501,10459.34657497501,6250
31,Experiment_04-03-2025-23-20-07,1,0.0021590741395950317,0.4668,5.983680885499998,0.5983680960000002,417.90550402500025,418.50387212100026,250
31,Experiment_04-03-2025-23-20-07,2,0.0018336658835411072,0.4293,11.967361770999997,1.1967361920000001,835.8110080500005,837.0077442420005,500
31,Experiment_04-03-2025-23-20-07,3,0.0015488841652870177,0.4893,17.951042656499993,1.795104288,1253.7165120750008,1255.5116163630007,750
31,Experiment_04-03-2025-23-20-07,4,0.0011760367035865784,0.7311,23.934723541999993,2.3934723840000003,1671.622016100001,1674.015488484001,1000
31,Experiment_04-03-2025-23-20-07,5,0.0011077990531921387,0.6796,29.91840442749999,2.9918404800000005,2089.5275201250015,2092.5193606050016,1250
31,Experiment_04-03-2025-23-20-07,6,0.0009245375096797943,0.7572,35.50613024799999,3.5506130685000006,2507.433024150002,2510.983637218502,1500
31,Experiment_04-03-2025-23-20-07,7,0.0008642843306064606,0.7467,41.09385606849999,4.109385657000001,2925.3385281750025,2929.4479138320025,1750
31,Experiment_04-03-2025-23-20-07,8,0.0006848784685134887,0.7977,46.681581888999986,4.668158245500001,3343.244032200003,3347.912190445503,2000
31,Experiment_04-03-2025-23-20-07,9,0.0005689420104026795,0.854,52.269307709499984,5.226930834000001,3761.1495362250034,3766.3764670590035,2250
31,Experiment_04-03-2025-23-20-07,10,0.0005079391032457352,0.8743,57.85703352999998,5.785703422500001,4179.055040250004,4184.840743672504,2500
31,Experiment_04-03-2025-23-20-07,11,0.0006313273429870605,0.8033,64.01030501099999,6.401030578500001,4596.960544275004,4603.361574853504,2750
31,Experiment_04-03-2025-23-20-07,12,0.0004360492080450058,0.885,70.16357649199999,7.016357734500001,5014.866048300005,5021.882406034505,3000
31,Experiment_04-03-2025-23-20-07,13,0.0004422350883483887,0.8889,76.316847973,7.631684890500002,5432.771552325005,5440.403237215505,3250
31,Experiment_04-03-2025-23-20-07,14,0.0003817475080490112,0.8952,82.470119454,8.247012046500002,5850.677056350006,5858.924068396505,3500
31,Experiment_04-03-2025-23-20-07,15,0.00036764270961284635,0.8924,88.623390935,8.862339202500001,6268.582560375006,6277.4448995775065,3750
31,Experiment_04-03-2025-23-20-07,16,0.00038904859721660616,0.8662,93.8236258965,9.382362705000002,6686.488064400007,6695.8704271050065,4000
31,Experiment_04-03-2025-23-20-07,17,0.00034075024127960205,0.9051,99.023860858,9.902386207500003,7104.393568425007,7114.295954632507,4250
31,Experiment_04-03-2025-23-20-07,18,0.00031996692419052124,0.9068,104.22409581950001,10.422409710000004,7522.299072450008,7532.721482160007,4500
31,Experiment_04-03-2025-23-20-07,19,0.00030837929844856264,0.9095,109.42433078100001,10.942433212500005,7940.204576475008,7951.147009687508,4750
31,Experiment_04-03-2025-23-20-07,20,0.0003179684191942215,0.8986,114.62456574250001,11.462456715000005,8358.110080500008,8369.572537215008,5000
31,Experiment_04-03-2025-23-20-07,21,0.0003040532827377319,0.9182,121.157955826,12.115795731000006,8776.015584525008,8788.131380256009,5250
31,Experiment_04-03-2025-23-20-07,22,0.00027511999756097793,0.9259,127.6913459095,12.769134747000006,9193.921088550009,9206.69022329701,5500
31,Experiment_04-03-2025-23-20-07,23,0.0002704237461090088,0.9247,134.224735993,13.422473763000006,9611.82659257501,9625.249066338009,5750
31,Experiment_04-03-2025-23-20-07,24,0.0002661743149161339,0.9266,140.7581260765,14.075812779000007,10029.73209660001,10043.80790937901,6000
31,Experiment_04-03-2025-23-20-07,25,0.00023891730308532716,0.9348,147.29151616,14.729151795000007,10447.63760062501,10462.36675242001,6250
32,Experiment_06-03-2025-01-09-10,1,0.002248629665374756,0.1289,11.7602637,1.1760263850000003,410.45557122500026,411.63159761000026,250
32,Experiment_06-03-2025-01-09-10,2,0.002086436128616333,0.3672,23.5205274,2.3520527700000007,820.9111424500005,823.2631952200005,500
32,Experiment_06-03-2025-01-09-10,3,0.0017603687167167665,0.4542,35.2807911,3.5280791550000012,1231.3667136750007,1234.8947928300008,750
32,Experiment_06-03-2025-01-09-10,4,0.0014234262943267821,0.5486,47.0410548,4.704105540000001,1641.822284900001,1646.526390440001,1000
32,Experiment_06-03-2025-01-09-10,5,0.0011196313500404357,0.6327,58.8013185,5.8801319250000015,2052.277856125001,2058.157988050001,1250
32,Experiment_06-03-2025-01-09-10,6,0.0009324500024318695,0.7267,70.5615822,7.056158310000002,2462.7334273500014,2469.7895856600016,1500
32,Experiment_06-03-2025-01-09-10,7,0.0006607674241065979,0.8519,82.3218459,8.232184695000003,2873.1889985750017,2881.4211832700016,1750
32,Experiment_06-03-2025-01-09-10,8,0.0005413389384746551,0.8721,94.0821096,9.408211080000003,3283.644569800002,3293.052780880002,2000
32,Experiment_06-03-2025-01-09-10,9,0.000425236850976944,0.885,105.84237329999999,10.584237465000003,3694.1001410250024,3704.6843784900025,2250
32,Experiment_06-03-2025-01-09-10,10,0.0004065475583076477,0.8798,117.60263699999999,11.760263850000003,4104.555712250002,4116.315976100002,2500
32,Experiment_06-03-2025-01-09-10,11,0.0004495710104703903,0.8433,129.36290069999998,12.936290235000003,4515.0112834750025,4527.947573710003,2750
32,Experiment_06-03-2025-01-09-10,12,0.000282811164855957,0.9236,141.12316439999998,14.112316620000003,4925.466854700003,4939.579171320003,3000
32,Experiment_06-03-2025-01-09-10,13,0.00026916961967945097,0.9245,152.88342809999997,15.288343005000003,5335.922425925003,5351.210768930003,3250
32,Experiment_06-03-2025-01-09-10,14,0.0002653179243206978,0.9215,164.64369179999997,16.464369390000005,5746.3779971500035,5762.842366540003,3500
32,Experiment_06-03-2025-01-09-10,15,0.0002663759559392929,0.9211,176.40395549999997,17.640395775000005,6156.833568375004,6174.473964150004,3750
32,Experiment_06-03-2025-01-09-10,16,0.00023770993202924728,0.9326,188.16421919999996,18.816422160000005,6567.289139600004,6586.105561760004,4000
32,Experiment_06-03-2025-01-09-10,17,0.00019761974066495895,0.9439,199.92448289999996,19.992448545000006,6977.744710825004,6997.7371593700045,4250
32,Experiment_06-03-2025-01-09-10,18,0.00018623865097761155,0.9474,211.68474659999995,21.168474930000006,7388.200282050005,7409.368756980005,4500
32,Experiment_06-03-2025-01-09-10,19,0.00017562999427318574,0.9482,223.44501029999995,22.344501315000006,7798.655853275005,7821.000354590005,4750
32,Experiment_06-03-2025-01-09-10,20,0.00022484787702560424,0.9226,235.20527399999995,23.520527700000006,8209.111424500004,8232.631952200005,5000
32,Experiment_06-03-2025-01-09-10,21,0.0001570528879761696,0.9538,246.96553769999994,24.696554085000006,8619.566995725005,8644.263549810004,5250
32,Experiment_06-03-2025-01-09-10,22,0.00015596132278442382,0.9537,258.72580139999997,25.872580470000006,9030.022566950005,9055.895147420006,5500
32,Experiment_06-03-2025-01-09-10,23,0.00015476712286472321,0.9514,270.48606509999996,27.048606855000006,9440.478138175005,9467.526745030005,5750
32,Experiment_06-03-2025-01-09-10,24,0.0001426712565124035,0.9547,282.24632879999996,28.224633240000006,9850.933709400006,9879.158342640007,6000
32,Experiment_06-03-2025-01-09-10,25,0.0001485803261399269,0.9555,294.00659249999995,29.400659625000007,10261.389280625006,10290.789940250006,6250
32,Experiment_06-03-2025-01-08-07,1,0.0022929850339889527,0.1019,12.524443225499994,1.2524443380000003,417.90550402500025,419.15794836300023,250
32,Experiment_06-03-2025-01-08-07,2,0.0022193939208984374,0.302,25.048886450999987,2.504888676,835.8110080500005,838.3158967260005,500
32,Experiment_06-03-2025-01-08-07,3,0.0020113251686096193,0.3521,37.57332967649998,3.7573330140000003,1253.7165120750008,1257.4738450890009,750
32,Experiment_06-03-2025-01-08-07,4,0.0015691586494445801,0.4318,50.097772901999974,5.009777352,1671.622016100001,1676.631793452001,1000
32,Experiment_06-03-2025-01-08-07,5,0.0013266013979911803,0.5739,62.62221612749997,6.2622216900000005,2089.5275201250015,2095.7897418150014,1250
32,Experiment_06-03-2025-01-08-07,6,0.0011103183150291444,0.6334,74.85596829149996,7.485596920500001,2507.433024150002,2514.918621070502,1500
32,Experiment_06-03-2025-01-08-07,7,0.0007843076586723328,0.7698,87.08972045549996,8.708972151000001,2925.3385281750025,2934.0475003260026,1750
32,Experiment_06-03-2025-01-08-07,8,0.0006355411887168885,0.8366,99.32347261949995,9.932347381500001,3343.244032200003,3353.176379581503,2000
32,Experiment_06-03-2025-01-08-07,9,0.000625961434841156,0.81,111.55722478349995,11.155722612000002,3761.1495362250034,3772.3052588370033,2250
32,Experiment_06-03-2025-01-08-07,10,0.00041023284196853635,0.8999,123.79097694749994,12.379097842500002,4179.055040250004,4191.434138092504,2500
32,Experiment_06-03-2025-01-08-07,11,0.0003992051094770432,0.8843,136.88096583349994,13.688096748000001,4596.960544275004,4610.6486410230045,2750
32,Experiment_06-03-2025-01-08-07,12,0.0003405307471752167,0.9011,149.97095471949996,14.9970956535,5014.866048300005,5029.863143953505,3000
32,Experiment_06-03-2025-01-08-07,13,0.0003104667127132416,0.9181,163.06094360549994,16.306094559,5432.771552325005,5449.077646884005,3250
32,Experiment_06-03-2025-01-08-07,14,0.00029634927213191987,0.8997,176.15093249149993,17.615093464500003,5850.677056350006,5868.292149814506,3500
32,Experiment_06-03-2025-01-08-07,15,0.00027587294578552247,0.9301,189.24092137749994,18.924092370000004,6268.582560375006,6287.506652745006,3750
32,Experiment_06-03-2025-01-08-07,16,0.0002278524160385132,0.9372,200.30373675849995,20.030373921000006,6686.488064400007,6706.518438321007,4000
32,Experiment_06-03-2025-01-08-07,17,0.00023401538729667662,0.9284,211.36655213949996,21.136655472000008,7104.393568425007,7125.530223897007,4250
32,Experiment_06-03-2025-01-08-07,18,0.00021354799568653108,0.937,222.42936752049997,22.24293702300001,7522.299072450008,7544.542009473008,4500
32,Experiment_06-03-2025-01-08-07,19,0.00019409806281328203,0.9424,233.49218290149997,23.349218574000012,7940.204576475008,7963.553795049008,4750
32,Experiment_06-03-2025-01-08-07,20,0.0002011790469288826,0.939,244.55499828249998,24.45550012500001,8358.110080500008,8382.565580625007,5000
32,Experiment_06-03-2025-01-08-07,21,0.00024629654735326765,0.9348,258.6800789725,25.86800821050001,8776.015584525008,8801.883592735509,5250
32,Experiment_06-03-2025-01-08-07,22,0.00017618231475353242,0.95,272.8051596625,27.280516296000012,9193.921088550009,9221.201604846008,5500
32,Experiment_06-03-2025-01-08-07,23,0.00015897017866373062,0.953,286.9302403525,28.693024381500013,9611.82659257501,9640.51961695651,5750
32,Experiment_06-03-2025-01-08-07,24,0.00016119525134563445,0.9525,301.0553210425,30.105532467000014,10029.73209660001,10059.83762906701,6000
32,Experiment_06-03-2025-01-08-07,25,0.00016443608999252318,0.9531,315.1804017325,31.518040552500015,10447.63760062501,10479.155641177511,6250
32,Experiment_06-03-2025-01-07-36,1,0.0022158668756484985,0.2458,9.504265794,0.9504265935000001,417.90550402500025,418.8559306185003,250
32,Experiment_06-03-2025-01-07-36,2,0.0020788845062255858,0.2874,19.008531588000004,1.9008531870000005,835.8110080500005,837.7118612370006,500
32,Experiment_06-03-2025-01-07-36,3,0.001769787311553955,0.434,28.512797382000006,2.8512797805000005,1253.7165120750008,1256.5677918555007,750
32,Experiment_06-03-2025-01-07-36,4,0.0013773934483528136,0.5195,38.01706317600001,3.8017063740000006,1671.622016100001,1675.4237224740011,1000
32,Experiment_06-03-2025-01-07-36,5,0.0010273096561431885,0.7054,47.521328970000006,4.752132967500001,2089.5275201250015,2094.2796530925016,1250
32,Experiment_06-03-2025-01-07-36,6,0.0007896304905414581,0.7594,56.961268172000004,5.696126901,2507.433024150002,2513.129151051002,1500
32,Experiment_06-03-2025-01-07-36,7,0.0005797794103622436,0.858,66.401207374,6.6401208345,2925.3385281750025,2931.9786490095025,1750
32,Experiment_06-03-2025-01-07-36,8,0.0004831204473972321,0.8808,75.841146576,7.584114768,3343.244032200003,3350.828146968003,2000
32,Experiment_06-03-2025-01-07-36,9,0.00043505937457084657,0.8713,85.281085778,8.528108701499999,3761.1495362250034,3769.6776449265035,2250
32,Experiment_06-03-2025-01-07-36,10,0.00037697174549102783,0.8958,94.72102498000001,9.472102634999999,4179.055040250004,4188.527142885004,2500
32,Experiment_06-03-2025-01-07-36,11,0.00039255420565605163,0.8698,104.79083643450001,10.479083796,4596.960544275004,4607.439628071004,2750
32,Experiment_06-03-2025-01-07-36,12,0.000311132287979126,0.9171,114.860647889,11.486064957,5014.866048300005,5026.352113257005,3000
32,Experiment_06-03-2025-01-07-36,13,0.00029207891821861267,0.9184,124.9304593435,12.493046117999999,5432.771552325005,5445.2645984430055,3250
32,Experiment_06-03-2025-01-07-36,14,0.0002994054853916168,0.9097,135.000270798,13.500027279,5850.677056350006,5864.177083629006,3500
32,Experiment_06-03-2025-01-07-36,15,0.0003402203440666199,0.8824,145.0700822525,14.50700844,6268.582560375006,6283.089568815007,3750
32,Experiment_06-03-2025-01-07-36,16,0.00022485099732875825,0.9391,154.10497916499997,15.4104981435,6686.488064400007,6701.898562543507,4000
32,Experiment_06-03-2025-01-07-36,17,0.00024009371250867845,0.9277,163.13987607749996,16.313987847,7104.393568425007,7120.707556272007,4250
32,Experiment_06-03-2025-01-07-36,18,0.00020205675810575484,0.9405,172.17477298999995,17.2174775505,7522.299072450008,7539.516550000508,4500
32,Experiment_06-03-2025-01-07-36,19,0.0001888774514198303,0.9449,181.20966990249997,18.120967254,7940.204576475008,7958.325543729008,4750
32,Experiment_06-03-2025-01-07-36,20,0.00018543466478586197,0.947,190.24456681499998,19.0244569575,8358.110080500008,8377.134537457508,5000
32,Experiment_06-03-2025-01-07-36,21,0.00021717414855957032,0.9387,202.02856348199998,20.202856641,8776.015584525008,8796.21844116601,5250
32,Experiment_06-03-2025-01-07-36,22,0.00023039721101522447,0.9233,213.81256014899998,21.3812563245,9193.921088550009,9215.302344874508,5500
32,Experiment_06-03-2025-01-07-36,23,0.0001606083780527115,0.9524,225.59655681599997,22.559656008,9611.82659257501,9634.386248583009,5750
32,Experiment_06-03-2025-01-07-36,24,0.0001896839752793312,0.9419,237.38055348299997,23.7380556915,10029.73209660001,10053.47015229151,6000
32,Experiment_06-03-2025-01-07-36,25,0.0001633685365319252,0.9523,249.16455014999997,24.916455375,10447.63760062501,10472.55405600001,6250
33,Experiment_06-03-2025-01-14-10,1,0.002311612606048584,0.0929,25.732157958499993,2.5732158285,417.90550402500025,420.47871985350025,250
33,Experiment_06-03-2025-01-14-10,2,0.0023098456144332886,0.1299,51.46431591699999,5.146431657,835.8110080500005,840.9574397070005,500
33,Experiment_06-03-2025-01-14-10,3,0.002423704671859741,0.0982,77.19647387549999,7.7196474854999995,1253.7165120750008,1261.4361595605008,750
33,Experiment_06-03-2025-01-14-10,4,0.0023128993034362793,0.1098,102.92863183399999,10.292863313999998,1671.622016100001,1681.914879414001,1000
33,Experiment_06-03-2025-01-14-10,5,0.0022681202173233032,0.1675,128.66078979249997,12.866079142499999,2089.5275201250015,2102.3935992675015,1250
33,Experiment_06-03-2025-01-14-10,6,0.0020261884808540345,0.2789,153.24601996749996,15.324602188499998,2507.433024150002,2522.757626338502,1500
33,Experiment_06-03-2025-01-14-10,7,0.0015620515823364257,0.4913,177.83125014249995,17.783125234499998,2925.3385281750025,2943.1216534095024,1750
33,Experiment_06-03-2025-01-14-10,8,0.0011925042867660521,0.649,202.41648031749995,20.241648280499998,3343.244032200003,3363.485680480503,2000
33,Experiment_06-03-2025-01-14-10,9,0.0008259582221508026,0.7684,227.00171049249994,22.700171326499998,3761.1495362250034,3783.8497075515033,2250
33,Experiment_06-03-2025-01-14-10,10,0.0006462792336940765,0.8537,251.58694066749993,25.158694372499998,4179.055040250004,4204.213734622504,2500
33,Experiment_06-03-2025-01-14-10,11,0.0005841208696365357,0.8044,278.15949888549994,27.815950228499997,4596.960544275004,4624.776494503504,2750
33,Experiment_06-03-2025-01-14-10,12,0.0004239840805530548,0.8837,304.7320571034999,30.473206084499996,5014.866048300005,5045.339254384505,3000
33,Experiment_06-03-2025-01-14-10,13,0.0003490166038274765,0.8887,331.3046153214999,33.1304619405,5432.771552325005,5465.902014265505,3250
33,Experiment_06-03-2025-01-14-10,14,0.0003306645184755325,0.8978,357.8771735394999,35.7877177965,5850.677056350006,5886.464774146506,3500
33,Experiment_06-03-2025-01-14-10,15,0.00032545923888683317,0.8852,384.4497317574999,38.444973652499996,6268.582560375006,6307.027534027507,3750
33,Experiment_06-03-2025-01-14-10,16,0.00022326171100139618,0.9356,407.0805792254999,40.7080584255,6686.488064400007,6727.196122825507,4000
33,Experiment_06-03-2025-01-14-10,17,0.0002200521409511566,0.9381,429.7114266934999,42.9711431985,7104.393568425007,7147.364711623507,4250
33,Experiment_06-03-2025-01-14-10,18,0.0001978668361902237,0.9429,452.3422741614999,45.234227971500005,7522.299072450008,7567.533300421508,4500
33,Experiment_06-03-2025-01-14-10,19,0.00022402117997407913,0.9241,474.97312162949993,47.49731274450001,7940.204576475008,7987.701889219508,4750
33,Experiment_06-03-2025-01-14-10,20,0.0001800732120871544,0.9476,497.60396909749994,49.76039751750001,8358.110080500008,8407.870478017509,5000
33,Experiment_06-03-2025-01-14-10,21,0.00022796265929937362,0.9296,526.1414469199999,52.61414533350001,8776.015584525008,8828.629729858509,5250
33,Experiment_06-03-2025-01-14-10,22,0.00016988633573055269,0.9501,554.6789247424999,55.467893149500014,9193.921088550009,9249.388981699509,5500
33,Experiment_06-03-2025-01-14-10,23,0.00018854910284280777,0.9445,583.216402565,58.321640965500016,9611.82659257501,9670.148233540509,5750
33,Experiment_06-03-2025-01-14-10,24,0.00022810801267623902,0.9258,611.7538803875,61.17538878150002,10029.73209660001,10090.90748538151,6000
33,Experiment_06-03-2025-01-14-10,25,0.00014196881502866746,0.9592,640.29135821,64.02913659750001,10447.63760062501,10511.666737222511,6250
33,Experiment_06-03-2025-01-15-12,1,0.0023088019132614136,0.1271,23.5205274,2.3520527700000002,410.45557122500026,412.80762399500026,250
33,Experiment_06-03-2025-01-15-12,2,0.002294550633430481,0.1821,47.0410548,4.704105540000001,820.9111424500005,825.6152479900005,500
33,Experiment_06-03-2025-01-15-12,3,0.0022971951484680175,0.21,70.5615822,7.0561583100000025,1231.3667136750007,1238.4228719850007,750
33,Experiment_06-03-2025-01-15-12,4,0.0021623671531677247,0.2606,94.08210960000001,9.408211080000005,1641.822284900001,1651.230495980001,1000
33,Experiment_06-03-2025-01-15-12,5,0.0018361101508140563,0.3535,117.602637,11.760263850000005,2052.277856125001,2064.0381199750013,1250
33,Experiment_06-03-2025-01-15-12,6,0.001470334804058075,0.5332,141.1231644,14.112316620000005,2462.7334273500014,2476.8457439700014,1500
33,Experiment_06-03-2025-01-15-12,7,0.0008893827974796295,0.6835,164.6436918,16.464369390000005,2873.1889985750017,2889.653367965002,1750
33,Experiment_06-03-2025-01-15-12,8,0.0006431150674819946,0.8432,188.1642192,18.816422160000005,3283.644569800002,3302.460991960002,2000
33,Experiment_06-03-2025-01-15-12,9,0.0005078773021697998,0.8639,211.68474659999998,21.168474930000006,3694.1001410250024,3715.2686159550026,2250
33,Experiment_06-03-2025-01-15-12,10,0.00044786438345909116,0.869,235.20527399999997,23.520527700000006,4104.555712250002,4128.076239950003,2500
33,Experiment_06-03-2025-01-15-12,11,0.0003563347637653351,0.9073,258.72580139999997,25.872580470000006,4515.0112834750025,4540.883863945002,2750
33,Experiment_06-03-2025-01-15-12,12,0.00032594223618507385,0.9144,282.24632879999996,28.224633240000006,4925.466854700003,4953.691487940003,3000
33,Experiment_06-03-2025-01-15-12,13,0.00030681977570056916,0.9084,305.76685619999995,30.576686010000007,5335.922425925003,5366.499111935003,3250
33,Experiment_06-03-2025-01-15-12,14,0.0002586711883544922,0.9276,329.28738359999994,32.92873878000001,5746.3779971500035,5779.306735930004,3500
33,Experiment_06-03-2025-01-15-12,15,0.00024726176261901853,0.9239,352.80791099999993,35.28079155000001,6156.833568375004,6192.114359925004,3750
33,Experiment_06-03-2025-01-15-12,16,0.00026923933625221254,0.9244,376.3284383999999,37.63284432000001,6567.289139600004,6604.921983920004,4000
33,Experiment_06-03-2025-01-15-12,17,0.00020015720576047898,0.9396,399.8489657999999,39.98489709000001,6977.744710825004,7017.729607915005,4250
33,Experiment_06-03-2025-01-15-12,18,0.0002101308062672615,0.9402,423.3694931999999,42.33694986000001,7388.200282050005,7430.537231910005,4500
33,Experiment_06-03-2025-01-15-12,19,0.0001954570159316063,0.9397,446.8900205999999,44.68900263000001,7798.655853275005,7843.344855905005,4750
33,Experiment_06-03-2025-01-15-12,20,0.00024461870938539504,0.9265,470.4105479999999,47.04105540000001,8209.111424500004,8256.152479900005,5000
33,Experiment_06-03-2025-01-15-12,21,0.000178290194272995,0.9432,493.9310753999999,49.39310817000001,8619.566995725005,8668.960103895004,5250
33,Experiment_06-03-2025-01-15-12,22,0.00021854411214590073,0.9313,517.4516027999999,51.74516094000001,9030.022566950005,9081.767727890005,5500
33,Experiment_06-03-2025-01-15-12,23,0.00015064187198877334,0.9547,540.9721301999999,54.09721371000001,9440.478138175005,9494.575351885005,5750
33,Experiment_06-03-2025-01-15-12,24,0.0001354311481118202,0.9576,564.4926575999999,56.44926648000001,9850.933709400006,9907.382975880006,6000
33,Experiment_06-03-2025-01-15-12,25,0.00017524750977754593,0.9438,588.0131849999999,58.80131925000001,10261.389280625006,10320.190599875006,6250
33,Experiment_06-03-2025-01-13-31,1,0.0022938239812850952,0.1141,19.961568107499996,1.9961568404999996,417.90550402500025,419.9016608655003,250
33,Experiment_06-03-2025-01-13-31,2,0.0023088158130645754,0.2459,39.92313621499999,3.9923136809999997,835.8110080500005,839.8033217310006,500
33,Experiment_06-03-2025-01-13-31,3,0.0022820244789123535,0.098,59.884704322499985,5.9884705215,1253.7165120750008,1259.7049825965007,750
33,Experiment_06-03-2025-01-13-31,4,0.002297016191482544,0.1244,79.84627242999998,7.9846273619999995,1671.622016100001,1679.606643462001,1000
33,Experiment_06-03-2025-01-13-31,5,0.0021235490322113037,0.2265,99.80784053749998,9.980784202499999,2089.5275201250015,2099.5083043275017,1250
33,Experiment_06-03-2025-01-13-31,6,0.001380758774280548,0.6402,119.07520980049998,11.9075211555,2507.433024150002,2519.340545305502,1500
33,Experiment_06-03-2025-01-13-31,7,0.0010126655101776122,0.6664,138.34257906349995,13.834258108499998,2925.3385281750025,2939.1727862835023,1750
33,Experiment_06-03-2025-01-13-31,8,0.0007540056765079498,0.7754,157.60994832649996,15.760995061499997,3343.244032200003,3359.005027261503,2000
33,Experiment_06-03-2025-01-13-31,9,0.0005321621060371399,0.8555,176.87731758949997,17.687732014499996,3761.1495362250034,3778.8372682395034,2250
33,Experiment_06-03-2025-01-13-31,10,0.00046266600489616396,0.8535,196.14468685249994,19.614468967499995,4179.055040250004,4198.669509217504,2500
33,Experiment_06-03-2025-01-13-31,11,0.00035448265373706815,0.9073,217.17301968899994,21.717302282999995,4596.960544275004,4618.677846558005,2750
33,Experiment_06-03-2025-01-13-31,12,0.00032048680782318116,0.9116,238.20135252549994,23.820135598499995,5014.866048300005,5038.686183898505,3000
33,Experiment_06-03-2025-01-13-31,13,0.0002926955133676529,0.9199,259.22968536199994,25.922968913999995,5432.771552325005,5458.694521239006,3250
33,Experiment_06-03-2025-01-13-31,14,0.0002491881906986237,0.9272,280.25801819849994,28.025802229499995,5850.677056350006,5878.702858579506,3500
33,Experiment_06-03-2025-01-13-31,15,0.0002482449874281883,0.9338,301.28635103499994,30.128635544999995,6268.582560375006,6298.7111959200065,3750
33,Experiment_06-03-2025-01-13-31,16,0.00021620703488588332,0.934,319.86136156599997,31.986136622999993,6686.488064400007,6718.474201023007,4000
33,Experiment_06-03-2025-01-13-31,17,0.00019754802584648131,0.9458,338.43637209699995,33.84363770099999,7104.393568425007,7138.237206126008,4250
33,Experiment_06-03-2025-01-13-31,18,0.00020527377426624298,0.9363,357.011382628,35.70113877899999,7522.299072450008,7558.000211229008,4500
33,Experiment_06-03-2025-01-13-31,19,0.00017602820247411728,0.9507,375.58639315899995,37.55863985699999,7940.204576475008,7977.763216332009,4750
33,Experiment_06-03-2025-01-13-31,20,0.00015574358552694322,0.9559,394.16140368999993,39.41614093499999,8358.110080500008,8397.526221435008,5000
33,Experiment_06-03-2025-01-13-31,21,0.0001940554529428482,0.9387,418.51284294799996,41.85128489549999,8776.015584525008,8817.866869420508,5250
33,Experiment_06-03-2025-01-13-31,22,0.00016341201066970824,0.9515,442.8642822059999,44.286428855999986,9193.921088550009,9238.207517406008,5500
33,Experiment_06-03-2025-01-13-31,23,0.0001692334622144699,0.9531,467.2157214639999,46.721572816499986,9611.82659257501,9658.548165391509,5750
33,Experiment_06-03-2025-01-13-31,24,0.00015389955639839173,0.9535,491.56716072199987,49.156716776999986,10029.73209660001,10078.88881337701,6000
33,Experiment_06-03-2025-01-13-31,25,0.00013808994665741921,0.9593,515.9185999799998,51.591860737499985,10447.63760062501,10499.22946136251,6250
34,Experiment_06-03-2025-01-45-04,1,0.0020555315494537353,0.4312,50.097772901999996,5.0097773519999995,1649.2722177000014,1654.2819950520013,1000
34,Experiment_06-03-2025-01-45-04,2,0.0012316694498062134,0.5595,100.19554580399998,10.019554703999997,3298.544435400003,3308.5639901040026,2000
34,Experiment_06-03-2025-01-45-04,3,0.0005469566524028778,0.7942,150.29331870599995,15.029332055999998,4947.816653100004,4962.845985156005,3000
34,Experiment_06-03-2025-01-45-04,4,0.00031808366775512695,0.9083,200.39109160799995,20.039109407999995,6597.088870800006,6617.127980208005,4000
34,Experiment_06-03-2025-01-45-04,5,0.00021486235558986665,0.9398,250.48886450999993,25.048886759999995,8246.361088500007,8271.409975260007,5000
34,Experiment_06-03-2025-01-45-04,6,0.00018570612370967865,0.9417,299.4238731659999,29.942387681999996,9895.633306200009,9925.575693882009,6000
34,Experiment_06-03-2025-01-45-04,7,0.00014595495760440826,0.9577,348.3588818219999,34.835888604,11544.90552390001,11579.74141250401,7000
34,Experiment_06-03-2025-01-45-04,8,0.0001367864117026329,0.9604,397.29389047799987,39.729389526,13194.177741600011,13233.907131126012,8000
34,Experiment_06-03-2025-01-45-04,9,0.00011122065559029579,0.9669,446.2288991339999,44.622890448,14843.449959300013,14888.072849748012,9000
34,Experiment_06-03-2025-01-45-04,10,0.0001100969709455967,0.9664,495.16390778999994,49.51639137,16492.722177000014,16542.238568370016,10000
34,Experiment_06-03-2025-01-45-04,11,9.462494626641274e-05,0.9731,547.523863334,54.752386992,18141.994394700014,18196.746781692014,11000
34,Experiment_06-03-2025-01-45-04,12,0.00010682719945907592,0.9668,599.883818878,59.988382613999995,19791.266612400017,19851.254995014016,12000
34,Experiment_06-03-2025-01-45-04,13,8.619347512722015e-05,0.9739,652.2437744220001,65.22437823599999,21440.53883010002,21505.76320833602,13000
34,Experiment_06-03-2025-01-45-04,14,8.195380121469498e-05,0.975,704.6037299660001,70.460373858,23089.811047800024,23160.271421658024,14000
34,Experiment_06-03-2025-01-45-04,15,7.386698946356773e-05,0.9771,756.96368551,75.69636948,24739.083265500027,24814.779634980026,15000
34,Experiment_06-03-2025-01-45-04,16,6.971056088805198e-05,0.9792,801.214947034,80.121495684,26388.35548320003,26468.47697888403,16000
34,Experiment_06-03-2025-01-45-04,17,6.688731908798218e-05,0.9788,845.4662085580001,84.54662188799999,28037.627700900033,28122.174322788032,17000
34,Experiment_06-03-2025-01-45-04,18,6.377773582935334e-05,0.9786,889.7174700820001,88.97174809199998,29686.899918600036,29775.871666692037,18000
34,Experiment_06-03-2025-01-45-04,19,6.514085046947003e-05,0.9783,933.9687316060001,93.39687429599998,31336.17213630004,31429.56901059604,19000
34,Experiment_06-03-2025-01-45-04,20,6.126095801591873e-05,0.9803,978.2199931300001,97.82200049999997,32985.44435400004,33083.26635450004,20000
34,Experiment_06-03-2025-01-45-04,21,9.900135323405265e-05,0.9715,1034.7203158900002,103.47203284199998,34634.716571700046,34738.18860454205,21000
34,Experiment_06-03-2025-01-45-04,22,5.845809206366539e-05,0.9821,1091.2206386500002,109.12206518399998,36283.98878940005,36393.11085458405,22000
34,Experiment_06-03-2025-01-45-04,23,5.392408259212971e-05,0.9827,1147.7209614100002,114.77209752599998,37933.26100710005,38048.033104626054,23000
34,Experiment_06-03-2025-01-45-04,24,4.827106334269047e-05,0.985,1204.2212841700002,120.42212986799998,39582.533224800056,39702.955354668054,24000
34,Experiment_06-03-2025-01-45-04,25,7.006794661283493e-05,0.9771,1260.7216069300002,126.07216220999999,41231.80544250006,41357.87760471006,25000
34,Experiment_06-03-2025-01-44-25,1,0.001849324417114258,0.5301,38.01706317600001,3.801706374000001,1649.2722177000014,1653.0739240740015,1000
34,Experiment_06-03-2025-01-44-25,2,0.0009460072815418244,0.6993,76.03412635200002,7.603412748000002,3298.544435400003,3306.147848148003,2000
34,Experiment_06-03-2025-01-44-25,3,0.0005930141687393188,0.7852,114.05118952800002,11.405119122000002,4947.816653100004,4959.221772222004,3000
34,Experiment_06-03-2025-01-44-25,4,0.00036665921807289126,0.8841,152.06825270400003,15.206825496000004,6597.088870800006,6612.295696296006,4000
34,Experiment_06-03-2025-01-44-25,5,0.00025421885550022124,0.9225,190.08531588000005,19.008531870000006,8246.361088500007,8265.369620370007,5000
34,Experiment_06-03-2025-01-44-25,6,0.00021011884957551955,0.9371,227.84507268800004,22.784507604000005,9895.633306200009,9918.417813804008,6000
34,Experiment_06-03-2025-01-44-25,7,0.00019138181358575821,0.9467,265.60482949600004,26.560483338000004,11544.90552390001,11571.46600723801,7000
34,Experiment_06-03-2025-01-44-25,8,0.0001606178969144821,0.9529,303.36458630400006,30.336459072000004,13194.177741600011,13224.51420067201,8000
34,Experiment_06-03-2025-01-44-25,9,0.0001297986015677452,0.9625,341.1243431120001,34.112434806,14843.449959300013,14877.562394106013,9000
34,Experiment_06-03-2025-01-44-25,10,0.00011616464108228683,0.9656,378.88409992000004,37.88841054,16492.722177000014,16530.610587540014,10000
34,Experiment_06-03-2025-01-44-25,11,0.0001234743043780327,0.9663,419.16334573800003,41.916335184000005,18141.994394700014,18183.910729884014,11000
34,Experiment_06-03-2025-01-44-25,12,9.29166704416275e-05,0.973,459.442591556,45.94425982800001,19791.266612400017,19837.210872228017,12000
34,Experiment_06-03-2025-01-44-25,13,8.899266868829727e-05,0.9744,499.721837374,49.97218447200001,21440.53883010002,21490.51101457202,13000
34,Experiment_06-03-2025-01-44-25,14,8.155490756034851e-05,0.9757,540.001083192,54.00010911600001,23089.811047800024,23143.811156916025,14000
34,Experiment_06-03-2025-01-44-25,15,7.797571793198586e-05,0.9769,580.2803290100001,58.028033760000014,24739.083265500027,24797.11129926003,15000
34,Experiment_06-03-2025-01-44-25,16,9.57187257707119e-05,0.9692,616.41991666,61.641992574000014,26388.35548320003,26449.99747577403,16000
34,Experiment_06-03-2025-01-44-25,17,6.864797808229923e-05,0.9788,652.55950431,65.25595138800001,28037.627700900033,28102.883652288034,17000
34,Experiment_06-03-2025-01-44-25,18,7.128738537430763e-05,0.9789,688.6990919599999,68.86991020200001,29686.899918600036,29755.769828802036,18000
34,Experiment_06-03-2025-01-44-25,19,6.298233643174172e-05,0.9795,724.8386796099999,72.48386901600001,31336.17213630004,31408.65600531604,19000
34,Experiment_06-03-2025-01-44-25,20,6.292006596922875e-05,0.9805,760.9782672599998,76.09782783000001,32985.44435400004,33061.542181830046,20000
34,Experiment_06-03-2025-01-44-25,21,0.00016899916380643844,0.9481,808.1142539279998,80.81142656400002,34634.716571700046,34715.52799826405,21000
34,Experiment_06-03-2025-01-44-25,22,6.224133893847466e-05,0.9816,855.2502405959998,85.52502529800002,36283.98878940005,36369.513814698046,22000
34,Experiment_06-03-2025-01-44-25,23,6.054361052811146e-05,0.9809,902.3862272639998,90.23862403200002,37933.26100710005,38023.49963113205,23000
34,Experiment_06-03-2025-01-44-25,24,5.740980319678783e-05,0.9813,949.5222139319998,94.95222276600002,39582.533224800056,39677.485447566054,24000
34,Experiment_06-03-2025-01-44-25,25,5.2106327190995216e-05,0.9833,996.6582005999998,99.66582150000002,41231.80544250006,41331.47126400006,25000
34,Experiment_06-03-2025-01-46-11,1,0.0018711765408515931,0.4352,47.0410548,4.704105540000001,1641.8222849000015,1646.5263904400015,1000
34,Experiment_06-03-2025-01-46-11,2,0.0008352593719959259,0.6888,94.08210960000001,9.408211080000001,3283.644569800003,3293.052780880003,2000
34,Experiment_06-03-2025-01-46-11,3,0.0004793955385684967,0.8372,141.1231644,14.112316620000001,4925.466854700005,4939.579171320005,3000
34,Experiment_06-03-2025-01-46-11,4,0.0002733732432126999,0.9179,188.1642192,18.816422160000002,6567.289139600006,6586.105561760006,4000
34,Experiment_06-03-2025-01-46-11,5,0.0002222036838531494,0.934,235.205274,23.520527700000002,8209.111424500008,8232.631952200009,5000
34,Experiment_06-03-2025-01-46-11,6,0.0001638647198677063,0.9505,282.2463288,28.224633240000003,9850.93370940001,9879.15834264001,6000
34,Experiment_06-03-2025-01-46-11,7,0.0001354692429304123,0.9605,329.2873836,32.92873878,11492.75599430001,11525.68473308001,7000
34,Experiment_06-03-2025-01-46-11,8,0.00012469166666269303,0.9631,376.3284384,37.632844320000004,13134.578279200012,13172.211123520012,8000
34,Experiment_06-03-2025-01-46-11,9,0.00010767560228705407,0.9671,423.36949319999997,42.336949860000004,14776.400564100013,14818.737513960014,9000
34,Experiment_06-03-2025-01-46-11,10,0.00011430147886276245,0.9671,470.41054799999995,47.041055400000005,16418.222849000016,16465.263904400017,10000
34,Experiment_06-03-2025-01-46-11,11,0.0001016017846763134,0.9678,517.4516027999999,51.745160940000005,18060.045133900017,18111.79029484002,11000
34,Experiment_06-03-2025-01-46-11,12,8.551013693213463e-05,0.974,564.4926575999999,56.449266480000006,19701.86741880002,19758.31668528002,12000
34,Experiment_06-03-2025-01-46-11,13,0.00018539794683456422,0.9419,611.5337123999999,61.153372020000006,21343.68970370002,21404.84307572002,13000
34,Experiment_06-03-2025-01-46-11,14,7.470643743872642e-05,0.9775,658.5747671999999,65.85747756,22985.51198860002,23051.36946616002,14000
34,Experiment_06-03-2025-01-46-11,15,7.919776663184166e-05,0.9751,705.6158219999999,70.56158310000001,24627.334273500022,24697.895856600022,15000
34,Experiment_06-03-2025-01-46-11,16,6.419520527124404e-05,0.9796,752.6568767999998,75.26568864000001,26269.156558400024,26344.422247040024,16000
34,Experiment_06-03-2025-01-46-11,17,6.0347196087241174e-05,0.9809,799.6979315999998,79.96979418000001,27910.978843300025,27990.948637480025,17000
34,Experiment_06-03-2025-01-46-11,18,5.743347816169262e-05,0.9814,846.7389863999998,84.67389972000001,29552.801128200026,29637.475027920027,18000
34,Experiment_06-03-2025-01-46-11,19,5.8264004066586494e-05,0.9813,893.7800411999998,89.37800526000001,31194.623413100027,31284.00141836003,19000
34,Experiment_06-03-2025-01-46-11,20,5.397065356373787e-05,0.9834,940.8210959999998,94.08211080000001,32836.44569800003,32930.527808800034,20000
34,Experiment_06-03-2025-01-46-11,21,5.516832247376442e-05,0.9828,987.8621507999998,98.78621634000001,34478.26798290003,34577.05419924003,21000
34,Experiment_06-03-2025-01-46-11,22,5.126437991857529e-05,0.9836,1034.9032055999999,103.49032188000001,36120.090267800035,36223.58058968004,22000
34,Experiment_06-03-2025-01-46-11,23,5.066321082413197e-05,0.9845,1081.9442603999998,108.19442742000001,37761.912552700036,37870.106980120036,23000
34,Experiment_06-03-2025-01-46-11,24,5.026797242462635e-05,0.9831,1128.9853151999998,112.89853296000001,39403.73483760004,39516.63337056004,24000
34,Experiment_06-03-2025-01-46-11,25,4.8624610528349875e-05,0.9846,1176.0263699999998,117.60263850000001,41045.55712250004,41163.15976100004,25000
35,Experiment_06-03-2025-01-58-37,1,0.0023068405151367185,0.0892,102.92863183399999,10.292863314,1649.2722177000014,1659.5650810140014,1000
35,Experiment_06-03-2025-01-58-37,2,0.0021871108531951906,0.1457,205.85726366799997,20.585726627999996,3298.544435400003,3319.130162028003,2000
35,Experiment_06-03-2025-01-58-37,3,0.0008757748246192932,0.6912,308.78589550199996,30.878589941999994,4947.816653100004,4978.695243042004,3000
35,Experiment_06-03-2025-01-58-37,4,0.0004418766051530838,0.8375,411.71452733599995,41.17145325599999,6597.088870800006,6638.260324056006,4000
35,Experiment_06-03-2025-01-58-37,5,0.00022708387672901154,0.9316,514.64315917,51.464316569999994,8246.361088500007,8297.825405070007,5000
35,Experiment_06-03-2025-01-58-37,6,0.00018127938210964203,0.9455,612.98407987,61.29840875399999,9895.633306200009,9956.93171495401,6000
35,Experiment_06-03-2025-01-58-37,7,0.00013470923081040383,0.9597,711.3250005699999,71.13250093799999,11544.90552390001,11616.03802483801,7000
35,Experiment_06-03-2025-01-58-37,8,0.00020796679854393006,0.9251,809.6659212699999,80.96659312199999,13194.177741600011,13275.144334722012,8000
35,Experiment_06-03-2025-01-58-37,9,0.00011265280619263648,0.9659,908.0068419699999,90.80068530599999,14843.449959300013,14934.250644606012,9000
35,Experiment_06-03-2025-01-58-37,10,8.85253369808197e-05,0.9718,1006.3477626699998,100.63477748999999,16492.722177000014,16593.356954490013,10000
35,Experiment_06-03-2025-01-58-37,11,0.0001308137536048889,0.9547,1112.6379955419998,111.26380091399999,18141.994394700014,18253.258195614013,11000
35,Experiment_06-03-2025-01-58-37,12,7.941548824310302e-05,0.9756,1218.9282284139997,121.89282433799998,19791.266612400017,19913.159436738017,12000
35,Experiment_06-03-2025-01-58-37,13,8.178637549281121e-05,0.9737,1325.2184612859996,132.521847762,21440.53883010002,21573.06067786202,13000
35,Experiment_06-03-2025-01-58-37,14,7.006560936570167e-05,0.9776,1431.5086941579996,143.150871186,23089.811047800024,23232.961918986024,14000
35,Experiment_06-03-2025-01-58-37,15,6.178028397262097e-05,0.9812,1537.7989270299995,153.77989460999999,24739.083265500027,24892.863160110028,15000
35,Experiment_06-03-2025-01-58-37,16,8.472917005419731e-05,0.9734,1628.3223169019996,162.832233702,26388.35548320003,26551.18771690203,16000
35,Experiment_06-03-2025-01-58-37,17,7.409062422811985e-05,0.9763,1718.8457067739996,171.884572794,28037.627700900033,28209.512273694032,17000
35,Experiment_06-03-2025-01-58-37,18,6.333587244153022e-05,0.9814,1809.3690966459997,180.93691188600002,29686.899918600036,29867.836830486038,18000
35,Experiment_06-03-2025-01-58-37,19,5.572143159806729e-05,0.9841,1899.8924865179997,189.98925097800003,31336.17213630004,31526.16138727804,19000
35,Experiment_06-03-2025-01-58-37,20,5.3936496376991275e-05,0.9836,1990.4158763899998,199.04159007000004,32985.44435400004,33184.485944070046,20000
35,Experiment_06-03-2025-01-58-37,21,7.025941759347916e-05,0.9793,2104.5657876799996,210.45658133400005,34634.716571700046,34845.17315303405,21000
35,Experiment_06-03-2025-01-58-37,22,4.655068702995777e-05,0.9857,2218.7156989699997,221.87157259800006,36283.98878940005,36505.86036199805,22000
35,Experiment_06-03-2025-01-58-37,23,5.7714264467358586e-05,0.9816,2332.86561026,233.28656386200007,37933.26100710005,38166.54757096205,23000
35,Experiment_06-03-2025-01-58-37,24,5.1617283746600154e-05,0.9842,2447.01552155,244.70155512600007,39582.533224800056,39827.23477992605,24000
35,Experiment_06-03-2025-01-58-37,25,4.9750162288546564e-05,0.9841,2561.16543284,256.11654639000005,41231.80544250006,41487.92198889006,25000
35,Experiment_06-03-2025-01-56-36,1,0.002290939712524414,0.1032,79.84627242999998,7.984627362,1649.2722177000014,1657.2568450620015,1000
35,Experiment_06-03-2025-01-56-36,2,0.0020994345426559448,0.2909,159.69254485999997,15.969254724,3298.544435400003,3314.513690124003,2000
35,Experiment_06-03-2025-01-56-36,3,0.0012173436045646668,0.671,239.53881728999997,23.953882086,4947.816653100004,4971.770535186004,3000
35,Experiment_06-03-2025-01-56-36,4,0.0006145589768886566,0.7918,319.38508971999994,31.938509448,6597.088870800006,6629.027380248006,4000
35,Experiment_06-03-2025-01-56-36,5,0.000354604971408844,0.8803,399.23136214999994,39.92313681,8246.361088500007,8286.284225310008,5000
35,Experiment_06-03-2025-01-56-36,6,0.0003103230893611908,0.8962,476.3008392019999,47.630084622,9895.633306200009,9943.263390822009,6000
35,Experiment_06-03-2025-01-56-36,7,0.00016857290267944337,0.9504,553.3703162539999,55.337032433999994,11544.90552390001,11600.24255633401,7000
35,Experiment_06-03-2025-01-56-36,8,0.0001663125991821289,0.9489,630.439793306,63.04398024599999,13194.177741600011,13257.221721846012,8000
35,Experiment_06-03-2025-01-56-36,9,0.00011610832661390304,0.9628,707.5092703579999,70.75092805799999,14843.449959300013,14914.200887358013,9000
35,Experiment_06-03-2025-01-56-36,10,0.00015788154900074004,0.9533,784.5787474099999,78.45787586999998,16492.722177000014,16571.180052870015,10000
35,Experiment_06-03-2025-01-56-36,11,9.274990856647492e-05,0.9719,868.6920787559999,86.86920913199998,18141.994394700014,18228.863603832015,11000
35,Experiment_06-03-2025-01-56-36,12,9.770676121115684e-05,0.9693,952.8054101019999,95.28054239399998,19791.266612400017,19886.547154794018,12000
35,Experiment_06-03-2025-01-56-36,13,8.311835750937462e-05,0.9732,1036.9187414479998,103.69187565599998,21440.53883010002,21544.23070575602,13000
35,Experiment_06-03-2025-01-56-36,14,7.858135662972927e-05,0.9754,1121.0320727939998,112.10320891799998,23089.811047800024,23201.914256718024,14000
35,Experiment_06-03-2025-01-56-36,15,7.193260639905929e-05,0.9762,1205.1454041399998,120.51454217999998,24739.083265500027,24859.597807680027,15000
35,Experiment_06-03-2025-01-56-36,16,0.00013581098467111587,0.9594,1279.4454462639997,127.94454649199997,26388.35548320003,26516.30002969203,16000
35,Experiment_06-03-2025-01-56-36,17,6.306454502046109e-05,0.9795,1353.7454883879996,135.37455080399997,28037.627700900033,28173.002251704034,17000
35,Experiment_06-03-2025-01-56-36,18,7.254239469766616e-05,0.9771,1428.0455305119995,142.80455511599996,29686.899918600036,29829.704473716036,18000
35,Experiment_06-03-2025-01-56-36,19,7.527352310717106e-05,0.9766,1502.3455726359994,150.23455942799995,31336.17213630004,31486.40669572804,19000
35,Experiment_06-03-2025-01-56-36,20,5.3651773929595945e-05,0.9827,1576.6456147599993,157.66456373999995,32985.44435400004,33143.10891774004,20000
35,Experiment_06-03-2025-01-56-36,21,5.719681307673454e-05,0.9818,1674.0513717919991,167.40513958199995,34634.716571700046,34802.121711282045,21000
35,Experiment_06-03-2025-01-56-36,22,5.1909153908491136e-05,0.9827,1771.457128823999,177.14571542399995,36283.98878940005,36461.13450482405,22000
35,Experiment_06-03-2025-01-56-36,23,5.194684863090515e-05,0.9831,1868.8628858559991,186.88629126599994,37933.26100710005,38120.14729836605,23000
35,Experiment_06-03-2025-01-56-36,24,8.93924042582512e-05,0.9714,1966.2686428879992,196.62686710799994,39582.533224800056,39779.16009190806,24000
35,Experiment_06-03-2025-01-56-36,25,4.822001084685326e-05,0.9839,2063.6743999199994,206.36744294999994,41231.80544250006,41438.17288545006,25000
35,Experiment_06-03-2025-02-00-23,1,0.0022879751443862914,0.11,94.08210960000001,9.408211080000005,1641.8222849000015,1651.2304959800015,1000
35,Experiment_06-03-2025-02-00-23,2,0.0011485987544059754,0.6154,188.16421920000002,18.81642216000001,3283.644569800003,3302.460991960003,2000
35,Experiment_06-03-2025-02-00-23,3,0.000562401169538498,0.8021,282.2463288,28.224633240000017,4925.466854700005,4953.691487940005,3000
35,Experiment_06-03-2025-02-00-23,4,0.00034773233830928804,0.8871,376.32843840000004,37.63284432000002,6567.289139600006,6604.921983920006,4000
35,Experiment_06-03-2025-02-00-23,5,0.0002208735376596451,0.9325,470.41054800000006,47.04105540000002,8209.111424500008,8256.152479900009,5000
35,Experiment_06-03-2025-02-00-23,6,0.00015369578301906584,0.9536,564.4926576,56.44926648000002,9850.93370940001,9907.38297588001,6000
35,Experiment_06-03-2025-02-00-23,7,0.00017112806290388107,0.9442,658.5747672,65.85747756000002,11492.75599430001,11558.613471860011,7000
35,Experiment_06-03-2025-02-00-23,8,0.00015084155946969987,0.9518,752.6568768,75.26568864000002,13134.578279200012,13209.843967840012,8000
35,Experiment_06-03-2025-02-00-23,9,0.00012847015634179115,0.9595,846.7389863999999,84.67389972000002,14776.400564100013,14861.074463820014,9000
35,Experiment_06-03-2025-02-00-23,10,9.309716895222663e-05,0.9706,940.8210959999999,94.08211080000002,16418.222849000016,16512.304959800018,10000
35,Experiment_06-03-2025-02-00-23,11,8.548045009374618e-05,0.9728,1034.9032055999999,103.49032188000002,18060.045133900017,18163.535455780016,11000
35,Experiment_06-03-2025-02-00-23,12,0.00013229347318410875,0.9602,1128.9853151999998,112.89853296000003,19701.86741880002,19814.76595176002,12000
35,Experiment_06-03-2025-02-00-23,13,7.528526708483696e-05,0.9756,1223.0674247999998,122.30674404000003,21343.68970370002,21465.99644774002,13000
35,Experiment_06-03-2025-02-00-23,14,7.28275153785944e-05,0.9764,1317.1495343999998,131.71495512000004,22985.51198860002,23117.226943720023,14000
35,Experiment_06-03-2025-02-00-23,15,7.194270603358745e-05,0.9769,1411.2316439999997,141.12316620000004,24627.334273500022,24768.45743970002,15000
35,Experiment_06-03-2025-02-00-23,16,6.355611197650432e-05,0.9789,1505.3137535999997,150.53137728000004,26269.156558400024,26419.687935680024,16000
35,Experiment_06-03-2025-02-00-23,17,6.856187023222447e-05,0.9765,1599.3958631999997,159.93958836000004,27910.978843300025,28070.918431660026,17000
35,Experiment_06-03-2025-02-00-23,18,5.856492184102535e-05,0.9803,1693.4779727999996,169.34779944000005,29552.801128200026,29722.148927640028,18000
35,Experiment_06-03-2025-02-00-23,19,5.395934954285622e-05,0.9812,1787.5600823999996,178.75601052000005,31194.623413100027,31373.379423620027,19000
35,Experiment_06-03-2025-02-00-23,20,5.206448100507259e-05,0.9822,1881.6421919999996,188.16422160000005,32836.44569800003,33024.609919600036,20000
35,Experiment_06-03-2025-02-00-23,21,5.2331146597862245e-05,0.9819,1975.7243015999995,197.57243268000005,34478.26798290003,34675.84041558003,21000
35,Experiment_06-03-2025-02-00-23,22,4.822764582931995e-05,0.9836,2069.8064111999997,206.98064376000005,36120.090267800035,36327.07091156003,22000
35,Experiment_06-03-2025-02-00-23,23,5.7081107422709465e-05,0.9808,2163.8885207999997,216.38885484000005,37761.912552700036,37978.301407540035,23000
35,Experiment_06-03-2025-02-00-23,24,4.3941240757703783e-05,0.9849,2257.9706303999997,225.79706592000005,39403.73483760004,39629.53190352004,24000
35,Experiment_06-03-2025-02-00-23,25,4.2879532650113104e-05,0.9847,2352.0527399999996,235.20527700000005,41045.55712250004,41280.76239950004,25000
